編號,歌手/團體名稱,類別標籤,別名/譯名,相關團體,合唱組合,歌庫已收錄曲數
1,田馥甄,Solo,"Hebe, 田喜碧",S.H.E,"田馥甄 & 井柏然, 田馥甄 & 吳青峰",49
2,周杰倫,Solo,"Jay Chou, 周董",南拳媽媽,"周杰倫 & 溫嵐, 周杰倫 & 費玉清, 周杰倫 & 阿信, 周杰倫 & 派偉俊",81
3,阿信,Solo / Group Lead,陳信宏,五月天,"五月天 & 蔡依林, 阿信 & 丁噹, 周杰倫 & 阿信",7
4,蔡依林,Solo,"Jolin Tsai, Jolin",,"蔡依林 & 陶喆, 五月天 & 蔡依林, 蔡依林 & 安室奈美惠",120
5,華晨宇,Solo,"花花, Hua Chenyu",,華晨宇 & 楊宗緯,8
6,李榮浩,Solo,Ronghao Li,,李榮浩 & 張藝興,50
7,薛之謙,Solo,Joker Xue,,"薛之謙 & 郭頂, 薛之謙 & 毛不易",46
8,毛不易,Solo,Mao Buyi,,毛不易 & 周深,9
9,周深,Solo,Charlie Zhou,,周深 & 陸虎,27
10,張碧晨,Solo,Diamond Zhang,,張碧晨 & 楊宗緯,19
11,顏人中,Solo,Ele Yan,,,11
12,鳳凰傳奇,Group,Phoenix Legend,,,48
13,新褲子,Group,New Pants,,,0
14,伍佰,Group / Solo,"伍佰 & China Blue, 吳俊霖",China Blue,伍佰 & 萬芳,103
15,茄子蛋,Group,EggPlantEgg,,,14
16,吳青峰,Solo,青峰,"蘇打綠, 魚丁糸","吳青峰 & 9m88, 田馥甄 & 吳青峰",21
17,張學友,Solo,歌神,四大天王,"張學友 & 湯寶如, 張學友 & 高慧君, 張學友 & 陳慧嫻",128
18,放火,Solo / Group,,,,1
19,大支+春風,Solo / Group,,,,0
20,高盟傑+黃鐙輝+邱凱偉,Solo / Group,,,,0
21,51,Solo / Group,,,,11
22,孔令奇,Solo / Group,,,,20
23,余佩真,Solo / Group,,,,4
24,多多+以捷,Solo / Group,,,,0
25,畢書盡,Solo / Group,,,,54
26,洋蔥,Solo / Group,,,,1
27,高子洋,Solo / Group,,,,11
28,阿雅,Solo / Group,,,,12
29,不是花火呀,Solo / Group,,,,8
30,自由發揮,Solo / Group,,,,19
31,Jackson 5,Solo / Group,,,,0
32,3秒樂團,Solo / Group,,,,0
33,陳慧琳,Solo / Group,,,,0
34,溫嵐,Solo / Group,,,,0
35,五月天,Solo / Group,,,,1
36,By2,Solo / Group,,,,0
37,快樂二世代,Solo / Group,,,,0
38,BCW,Solo / Group,,,,0
39,宋蕊安,Solo / Group,,,,0
40,阿杜,Solo / Group,,,,0
41,ROSÉ+Bruno Mars,Solo / Group,,,,0
42,王艷薇,Solo / Group,,,,0
43,游喧,Solo / Group,,,,0
44,林俊傑,Solo / Group,,,,0
45,鍾漢良,Solo / Group,,,,0
46,陶喆,Solo / Group,,,,0
47,JKAI,Solo / Group,,,,0
48,大支,Solo / Group,,,,0
49,SMAP,Solo / Group,,,,0
50,呂莘,Solo / Group,,,,0
51,MISSTER,Solo / Group,,,,0
52,蔡宜軒,Solo / Group,,,,0
53,鈴木聖美,Solo / Group,,,,0
54,VERA,Solo / Group,,,,0
55,劉德華,Solo / Group,,,,0
56,Janet Jackson,Solo / Group,,,,0
57,A-Lin,Solo / Group,,,,0
58,蜜雪薇琪,Solo / Group,,,,0
59,Alan Walker,Solo / Group,,,,0
60,莫文蔚,Solo / Group,,,,0
61,Beyond,Solo / Group,,,,0
62,玖壹壹,Solo / Group,,,,0
63,梁詠琪,Solo / Group,,,,0
64,趙詠華,Solo / Group,,,,0
65,林凡,Solo / Group,,,,0
66,T-RUSH,Solo / Group,,,,0
67,謊言留聲機,Solo / Group,,,,0
68,陳冠希,Solo / Group,,,,0
69,李聖傑,Solo / Group,,,,0
70,黎明,Solo / Group,,,,0
71,BOOM！怪物星人,Solo / Group,,,,0
72,黃志瑋,Solo / Group,,,,0
73,大嘴巴,Solo / Group,,,,0
74,冠宇,Solo / Group,,,,0
75,Michael Jackson,Solo / Group,,,,0
76,顏慧萍+趙潔瑩,Solo / Group,,,,0
77,王心凌,Solo / Group,,,,0
78,ØZI,Solo / Group,,,,0
79,Styx,Solo / Group,,,,0
80,BRANDY,Solo / Group,,,,0
81,Justin Bieber,Solo / Group,,,,0
82,機動現場,Solo / Group,,,,0
83,方大同,Solo / Group,,,,0
84,MATCHBOX TWENTY,Solo / Group,,,,0
85,陶晶瑩,Solo / Group,,,,0
86,中國娃娃,Solo / Group,,,,0
87,S.H.E,Solo / Group,,,,0
88,Energy,Solo / Group,,,,0
89,The Writers寫手,Solo / Group,,,,0
90,蔡恩雨,Solo / Group,,,,0
91,Usher,Solo / Group,,,,0
92,李玟,Solo / Group,,,,0
93,小龍女,Solo / Group,,,,0
94,郭靜,Solo / Group,,,,0
95,MEREDITH BROOKS,Solo / Group,,,,0
96,蕭敬騰,Solo / Group,,,,0
97,花世紀,Solo / Group,,,,0
98,可米小子+安鈞璨+張庭偉,Solo / Group,,,,0
99,吳霏,Solo / Group,,,,0
100,熊仔,Solo / Group,,,,0
101,張靚穎,Solo / Group,,,,0
102,吳卓源+陳芳語,Solo / Group,,,,0
103,RK金承熙,Solo / Group,,,,0
104,吳建豪,Solo / Group,,,,0
105,陳忻玥+李杰明,Solo / Group,,,,0
106,炎亞綸,Solo / Group,,,,0
107,Usher+Alicia Keys,Solo / Group,,,,0
108,周湯豪,Solo / Group,,,,0
109,女孩與機器人,Solo / Group,,,,0
110,鄧紫棋,Solo / Group,,,,0
111,黃鴻升,Solo / Group,,,,0
112,高爾宣,Solo / Group,,,,0
113,吳淑敏,Solo / Group,,,,0
114,許含光,Solo / Group,,,,0
115,卓文萱,Solo / Group,,,,0
116,C.T.O,Solo / Group,,,,0
117,先知瑪莉,Solo / Group,,,,0
118,王若琳,Solo / Group,,,,0
119,秦宇子,Solo / Group,,,,0
120,張菲,Solo / Group,,,,0
121,B.A.D,Solo / Group,,,,0
122,柯有倫,Solo / Group,,,,0
123,PRINCE,Solo / Group,,,,0
124,Tlc,Solo / Group,,,,0
125,羅百吉+寶貝,Solo / Group,,,,0
126,李韋,Solo / Group,,,,0
127,F.I.R.,Solo / Group,,,,0
128,瘦子E.SO,Solo / Group,,,,0
129,林明禎,Solo / Group,,,,0
130,라붐,Solo / Group,,,,0
131,HIRO,Solo / Group,,,,0
132,ROY ORBISON,Solo / Group,,,,0
133,Blondie,Solo / Group,,,,0
134,潘俊佳+FEniX,Solo / Group,,,,0
135,徐懷鈺,Solo / Group,,,,0
136,鳥屎+XICO+阿樂,Solo / Group,,,,0
137,林依晨+楊謹華+梁又琳,Solo / Group,,,,0
138,羊駝小姐,Solo / Group,,,,0
139,蔡佩軒,Solo / Group,,,,0
140,Kool+The Gang,Solo / Group,,,,0
141,Tyson Yoshi,Solo / Group,,,,0
142,許紹洋,Solo / Group,,,,0
143,陳昇,Solo / Group,,,,0
144,福山雅治,Solo / Group,,,,0
145,庾澄慶,Solo / Group,,,,0
146,City魅,Solo / Group,,,,0
147,沈文程,Solo / Group,,,,0
148,李振全,Solo / Group,,,,0
149,張惠妹,Solo / Group,,,,0
150,Tomo GÖ,Solo / Group,,,,0
151,張智成,Solo / Group,,,,0
152,婁峻碩,Solo / Group,,,,0
153,Britney Spears,Solo / Group,,,,0
154,李浩瑋,Solo / Group,,,,0
155,宇多田ヒカル,Solo / Group,,,,0
156,Xunday,Solo / Group,,,,0
157,春風,Solo / Group,,,,0
158,麵飽堡,Solo / Group,,,,0
159,呂方+袁惟仁+顏志琳,Solo / Group,,,,0
160,菲菲公主,Solo / Group,,,,0
161,艾雨帆,Solo / Group,,,,0
162,潘瑋柏+杜詩梅,Solo / Group,,,,0
163,Nora Says-Samuel,Solo / Group,,,,0
164,蕭秉治,Solo / Group,,,,0
165,艾青,Solo / Group,,,,0
166,羅志祥,Solo / Group,,,,0
167,Paul Anka,Solo / Group,,,,0
168,黃玠,Solo / Group,,,,0
169,Blueburn,Solo / Group,,,,0
170,張棟樑,Solo / Group,,,,0
171,元衛覺醒,Solo / Group,,,,0
172,徐若瑄,Solo / Group,,,,0
173,THE CARS,Solo / Group,,,,0
174,今井美樹,Solo / Group,,,,0
175,ELTON JOHN,Solo / Group,,,,0
176,紙片人,Solo / Group,,,,0
177,旺福,Solo / Group,,,,0
178,高爾宣OSN+李浩瑋HOWARD LEE,Solo / Group,,,,0
179,Leetwood Mac,Solo / Group,,,,0
180,The Cranberries,Solo / Group,,,,0
181,陳潔儀,Solo / Group,,,,0
182,五堅情,Solo / Group,,,,0
183,Hanch 兄弟,Solo / Group,,,,0
184,周蕙,Solo / Group,,,,0
185,品冠,Solo / Group,,,,0
186,梁心頤,Solo / Group,,,,0
187,范曉萱,Solo / Group,,,,0
188,濱崎步,Solo / Group,,,,0
189,Crispy脆樂團+熊仔,Solo / Group,,,,0
190,林子良,Solo / Group,,,,0
191,夾子太硬啦,Solo / Group,,,,0
192,Echo,Solo / Group,,,,0
193,島谷瞳,Solo / Group,,,,0
194,一口甜,Solo / Group,,,,0
195,蔣卓嘉+魏如萱,Solo / Group,,,,0
196,noovy,Solo / Group,,,,0
197,COMMODORES,Solo / Group,,,,0
198,張玉華,Solo / Group,,,,0
199,JUD 陳泳希,Solo / Group,,,,0
200,酒井法子,Solo / Group,,,,0
201,DO AS INFINITY,Solo / Group,,,,0
202,L'arc～En～Ciel,Solo / Group,,,,0
203,X Japan,Solo / Group,,,,0
204,梁靜茹,Solo / Group,,,,0
205,EXID,Solo / Group,,,,0
206,LUNA SEA,Solo / Group,,,,0
207,呂薔,Solo / Group,,,,0
208,MISIA,Solo / Group,,,,0
209,平井 堅,Solo / Group,,,,0
210,Every Little Thing,Solo / Group,,,,0
211,宇恆,Solo / Group,,,,0
212,瑄+A1 xxxmiracle,Solo / Group,,,,0
213,恰克與飛鳥,Solo / Group,,,,0
214,倖田來未,Solo / Group,,,,0
215,槙原敬之,Solo / Group,,,,0
216,安室奈美惠,Solo / Group,,,,0
217,EAST END*YURI,Solo / Group,,,,0
218,RIGHTEOUS BROTHERS,Solo / Group,,,,0
219,嚴爵,Solo / Group,,,,0
220,蘇打綠,Solo / Group,,,,0
221,BABYFACE,Solo / Group,,,,0
222,MC HOTDOG,Solo / Group,,,,0
223,Aioz+BigYear大年,Solo / Group,,,,0
224,Crockers 鱷魚樂團,Solo / Group,,,,0
225,FIRE,Solo / Group,,,,0
226,方大同+王力宏,Solo / Group,,,,0
227,楊乃文+落日飛車,Solo / Group,,,,0
228,George Michael,Solo / Group,,,,0
229,小宇,Solo / Group,,,,0
230,SUNDAY GIRLS,Solo / Group,,,,0
231,蕭賀碩,Solo / Group,,,,0
232,何欣穗,Solo / Group,,,,0
233,劉若英,Solo / Group,,,,0
234,阿霈樂團,Solo / Group,,,,0
235,梨凍緊+Wiz_H張子豪,Solo / Group,,,,0
236,蔣小呢,Solo / Group,,,,0
237,安全地帶,Solo / Group,,,,0
238,Alicia Keys,Solo / Group,,,,0
239,言承旭,Solo / Group,,,,0
240,L.A BOYZ,Solo / Group,,,,0
241,丁小芹,Solo / Group,,,,0
242,二個女生,Solo / Group,,,,0
243,汪東城,Solo / Group,,,,0
244,兄弟本色,Solo / Group,,,,0
245,5566,Solo / Group,,,,0
246,王鶴棣+官鴻+梁靖康+吳希澤,Solo / Group,,,,0
247,MARIAH CAREY,Solo / Group,,,,0
248,齊豫,Solo / Group,,,,0
249,廖語晴+JUNJIN,Solo / Group,,,,0
250,曹格+許瑋倫,Solo / Group,,,,0
251,丁噹,Solo / Group,,,,1
252,嘴哥樂團,Solo / Group,,,,0
253,林愷倫,Solo / Group,,,,0
254,吳映潔,Solo / Group,,,,0
255,鼓鼓+U:NUS,Solo / Group,,,,0
256,頑童MJ116,Solo / Group,,,,0
257,陳司翰,Solo / Group,,,,0
258,原子少年天王星,Solo / Group,,,,0
259,少女時代,Solo / Group,,,,0
260,四分衛,Solo / Group,,,,0
261,盧春如,Solo / Group,,,,0
262,BLUE,Solo / Group,,,,0
263,李玖哲+倪耐斯,Solo / Group,,,,0
264,陳瑾緗,Solo / Group,,,,0
265,MP魔幻力量,Solo / Group,,,,0
266,趙泳鑫,Solo / Group,,,,0
267,黃義達,Solo / Group,,,,0
268,張可芝,Solo / Group,,,,0
269,洛客班,Solo / Group,,,,0
270,TRASH,Solo / Group,,,,0
271,潘嘉麗,Solo / Group,,,,0
272,Ciara,Solo / Group,,,,0
273,BigBang,Solo / Group,,,,0
274,久保田利伸,Solo / Group,,,,0
275,金志遙,Solo / Group,,,,0
276,Temptations,Solo / Group,,,,0
277,PAUL YOUNG,Solo / Group,,,,0
278,T.M. REVOLUTION,Solo / Group,,,,0
279,SOLARISM,Solo / Group,,,,0
280,克麗絲叮,Solo / Group,,,,0
281,徐若瑄+麋先生,Solo / Group,,,,0
282,張國榮,Solo / Group,,,,0
283,嘴哥樂團+魏如萱,Solo / Group,,,,0
284,心微,Solo / Group,,,,0
285,金賢重,Solo / Group,,,,0
286,AK,Solo / Group,,,,0
287,黃立行,Solo / Group,,,,0
288,Beatles,Solo / Group,,,,0
289,183Club,Solo / Group,,,,0
290,陳小春,Solo / Group,,,,0
291,東城衛,Solo / Group,,,,0
292,李立崴,Solo / Group,,,,0
293,王詩安,Solo / Group,,,,0
294,Deep Purple,Solo / Group,,,,0
295,順子,Solo / Group,,,,0
296,許慧欣,Solo / Group,,,,0
297,TFBOYS,Solo / Group,,,,0
298,龔言脩,Solo / Group,,,,0
299,Hello,Solo / Group,,,,0
300,Lionel Richie,Solo / Group,,,,0
301,黃齡,Solo / Group,,,,0
302,蕭敬騰+林俊傑,Solo / Group,,,,0
303,曹格,Solo / Group,,,,0
304,麋先生,Solo / Group,,,,0
305,曾寶儀,Solo / Group,,,,0
306,郭書瑤,Solo / Group,,,,0
307,HUMAN LEAGUE,Solo / Group,,,,0
308,潘瑋柏,Solo / Group,,,,0
309,羽泉,Solo / Group,,,,0
310,RICHARD MARX,Solo / Group,,,,0
311,Bryan Adams,Solo / Group,,,,0
312,哥哥妹妹 GoGo & MeMe,Solo / Group,,,,0
313,李幸倪+陳梓童,Solo / Group,,,,0
314,Wow,Solo / Group,,,,0
315,盧廣仲,Solo / Group,,,,0
316,獅子合唱團,Solo / Group,,,,0
317,Asiaboy 禁藥王+Lizi 栗子,Solo / Group,,,,0
318,AAA,Solo / Group,,,,0
319,大合唱,Solo / Group,,,,0
320,HITOE'S 57 MOVE,Solo / Group,,,,0
321,韋禮安,Solo / Group,,,,0
322,木瑪樂隊,Solo / Group,,,,0
323,大塚愛,Solo / Group,,,,0
324,閻奕格,Solo / Group,,,,0
325,孫楠,Solo / Group,,,,0
326,広瀬香美,Solo / Group,,,,0
327,R. KELLY,Solo / Group,,,,0
328,モーニング娘,Solo / Group,,,,0
329,熊天平,Solo / Group,,,,0
330,Aerosmith,Solo / Group,,,,0
331,F.CUZ+郭書瑤,Solo / Group,,,,0
332,Lady Gaga,Solo / Group,,,,0
333,王力宏,Solo / Group,,,,0
334,Devin,Solo / Group,,,,0
335,張韶涵,Solo / Group,,,,0
336,孫燕姿,Solo / Group,,,,0
337,小野麗莎,Solo / Group,,,,0
338,Machi,Solo / Group,,,,0
339,James Ingram,Solo / Group,,,,0
340,黃宥傑,Solo / Group,,,,0
341,張娜拉,Solo / Group,,,,0
342,Lady Gaga+Colby O'Donis,Solo / Group,,,,0
343,新寶島康樂隊,Solo / Group,,,,0
344,Popu Lady,Solo / Group,,,,0
345,徐婕兒,Solo / Group,,,,0
346,婁峻碩+Tyson Yoshi,Solo / Group,,,,0
347,No Name,Solo / Group,,,,0
348,汪佩蓉,Solo / Group,,,,0
349,陳忻玥,Solo / Group,,,,0
350,蔡健雅,Solo / Group,,,,0
351,陳珊妮,Solo / Group,,,,0
352,BOBBY HELMS,Solo / Group,,,,0
353,JON SECADA,Solo / Group,,,,0
354,Zard,Solo / Group,,,,0
355,Billy Joel,Solo / Group,,,,0
356,董事長樂團,Solo / Group,,,,0
357,Pink+Nate Ruess,Solo / Group,,,,0
358,Carpenters,Solo / Group,,,,0
359,Randy Vanwarmer,Solo / Group,,,,0
360,張震嶽,Solo / Group,,,,0
361,梁靜茹+曹格,Solo / Group,,,,0
362,CIRCUS,Solo / Group,,,,0
363,鼓鼓+蕭秉治,Solo / Group,,,,0
364,TOM JONES,Solo / Group,,,,0
365,Matzka,Solo / Group,,,,0
366,張信哲,Solo / Group,,,,0
367,Beach Boys,Solo / Group,,,,0
368,Sixpence None The Richer,Solo / Group,,,,0
369,明道,Solo / Group,,,,0
370,成語蕎,Solo / Group,,,,0
371,super7,Solo / Group,,,,0
372,朱俐靜,Solo / Group,,,,0
373,易天晴,Solo / Group,,,,0
374,蘇慧倫+任賢齊+羅百吉,Solo / Group,,,,0
375,One Direction,Solo / Group,,,,0
376,邱鋒澤,Solo / Group,,,,0
377,XMASwu,Solo / Group,,,,0
378,林曉培,Solo / Group,,,,0
379,蕭亞軒+順子,Solo / Group,,,,0
380,3 Doors Down,Solo / Group,,,,0
381,K ONE,Solo / Group,,,,0
382,唐禹哲,Solo / Group,,,,0
383,生命樹,Solo / Group,,,,0
384,李玖哲,Solo / Group,,,,0
385,Spexial,Solo / Group,,,,0
386,廖語晴+戴佩妮,Solo / Group,,,,0
387,擊沈女孩Destroyers,Solo / Group,,,,0
388,龔芝怡+伍家輝,Solo / Group,,,,0
389,Lollipop F,Solo / Group,,,,0
390,胡彥斌,Solo / Group,,,,0
391,張峰奇,Solo / Group,,,,0
392,大小姐,Solo / Group,,,,0
393,劉若英+梁靜茹,Solo / Group,,,,0
394,郭采潔,Solo / Group,,,,0
395,Only J,Solo / Group,,,,0
396,范文芳,Solo / Group,,,,0
397,戴佩妮,Solo / Group,,,,0
398,AKON,Solo / Group,,,,0
399,齊秦,Solo / Group,,,,0
400,松本英子,Solo / Group,,,,0
401,Miya Ro米亞若+Zheen,Solo / Group,,,,0
402,鄭秀文,Solo / Group,,,,0
403,袁泉,Solo / Group,,,,0
404,戴愛玲,Solo / Group,,,,0
405,OLIVIA NEWTON-JOHN,Solo / Group,,,,0
406,Westlife,Solo / Group,,,,0
407,JUDY AND MARY,Solo / Group,,,,0
408,林寶,Solo / Group,,,,0
409,麻吉弟弟,Solo / Group,,,,0
410,鄧福如,Solo / Group,,,,0
411,張棋翔,Solo / Group,,,,0
412,TONI BASIL,Solo / Group,,,,0
413,張元蒂,Solo / Group,,,,0
414,劉子千,Solo / Group,,,,0
415,張敬軒,Solo / Group,,,,0
416,陳芳語,Solo / Group,,,,0
417,Dears,Solo / Group,,,,0
418,大囍門,Solo / Group,,,,0
419,仲維軍,Solo / Group,,,,0
420,河村隆一,Solo / Group,,,,0
421,長渕剛,Solo / Group,,,,0
422,于浩威,Solo / Group,,,,0
423,曾甜,Solo / Group,,,,0
424,王思佳,Solo / Group,,,,0
425,Ak Benjamin+Marz23,Solo / Group,,,,0
426,趙之璧,Solo / Group,,,,0
427,陳思安,Solo / Group,,,,0
428,王心凌+吳克群,Solo / Group,,,,0
429,icyball冰球樂團,Solo / Group,,,,0
430,陳曉東,Solo / Group,,,,0
431,康淨淳,Solo / Group,,,,0
432,包偉銘,Solo / Group,,,,0
433,Wonder Girls,Solo / Group,,,,0
434,韓庚,Solo / Group,,,,0
435,那英,Solo / Group,,,,0
436,蘇永康,Solo / Group,,,,0
437,サザソオールスターズ,Solo / Group,,,,0
438,IPIS蟑螂,Solo / Group,,,,0
439,阿超,Solo / Group,,,,0
440,ECHOES,Solo / Group,,,,0
441,黑澀會美眉,Solo / Group,,,,0
442,LINDSAY LOHAN,Solo / Group,,,,0
443,蕭亞軒+羅志祥,Solo / Group,,,,0
444,翁祥,Solo / Group,,,,0
445,ピンクレディー,Solo / Group,,,,0
446,Abba,Solo / Group,,,,0
447,黃右年,Solo / Group,,,,0
448,方大同+袁婭維,Solo / Group,,,,0
449,陳葦廷,Solo / Group,,,,0
450,范逸臣,Solo / Group,,,,0
451,葛仲珊,Solo / Group,,,,0
452,李吳兄弟,Solo / Group,,,,0
453,莊心妍,Solo / Group,,,,0
454,Breeze,Solo / Group,,,,0
455,黃大煒,Solo / Group,,,,0
456,MFM,Solo / Group,,,,0
457,麻吉弟弟+婁峻碩,Solo / Group,,,,0
458,黑眼豆豆,Solo / Group,,,,0
459,柯大堡,Solo / Group,,,,0
460,陳乃榮,Solo / Group,,,,0
461,接招合唱團,Solo / Group,,,,0
462,ØZI+落日飛車,Solo / Group,,,,0
463,io樂團,Solo / Group,,,,0
464,邱暐議,Solo / Group,,,,0
465,艾蜜莉AMILI+蛋頭BG8Locc,Solo / Group,,,,0
466,理想混蛋,Solo / Group,,,,0
467,游艾迪,Solo / Group,,,,0
468,黃雅莉,Solo / Group,,,,0
469,楊乃文,Solo / Group,,,,0
470,Doris Day,Solo / Group,,,,0
471,蔡孟臻,Solo / Group,,,,0
472,圓圓,Solo / Group,,,,0
473,Backstreet boys,Solo / Group,,,,0
474,龍千玉,Solo / Group,,,,0
475,吳青峰+孫燕姿,Solo / Group,,,,1
476,AcQUA源少年,Solo / Group,,,,0
477,林佳音,Solo / Group,,,,0
478,Jinbo+G22,Solo / Group,,,,0
479,南拳媽媽,Solo / Group,,,,0
480,中山美穂,Solo / Group,,,,0
481,GLORIA ESTEFAN,Solo / Group,,,,0
482,小老鷹樂團,Solo / Group,,,,0
483,Color,Solo / Group,,,,0
484,Toto,Solo / Group,,,,0
485,頑童MJ116+J.Sheon,Solo / Group,,,,0
486,嵐,Solo / Group,,,,0
487,訐譙龍,Solo / Group,,,,0
488,費翔,Solo / Group,,,,0
489,林佑威,Solo / Group,,,,0
490,陳綺貞,Solo / Group,,,,0
491,Saya,Solo / Group,,,,0
492,江志豐,Solo / Group,,,,0
493,符瓊音,Solo / Group,,,,0
494,Lisa Loeb,Solo / Group,,,,0
495,阮筱芬,Solo / Group,,,,0
496,聶雲,Solo / Group,,,,0
497,林宇中,Solo / Group,,,,0
498,ZIP發射樂團,Solo / Group,,,,0
499,李玉璽,Solo / Group,,,,0
500,SIGMA,Solo / Group,,,,0
501,TENSION,Solo / Group,,,,0
502,Avril Lavigne,Solo / Group,,,,0
503,徐若瑄+李玖哲,Solo / Group,,,,0
504,比莉,Solo / Group,,,,0
505,陳妍希,Solo / Group,,,,0
506,高登,Solo / Group,,,,0
507,吳青峰+歐若拉,Solo / Group,,,,1
508,謝容兒,Solo / Group,,,,0
509,季欣霈,Solo / Group,,,,0
510,周杰倫+派偉俊,Solo / Group,,,,1
511,周華健,Solo / Group,,,,0
512,林宥嘉+黃奇斌,Solo / Group,,,,0
513,SPANDAU BALLET,Solo / Group,,,,0
514,Mini+陳科妤,Solo / Group,,,,0
515,蔡詩芸+高爾宣OSN,Solo / Group,,,,0
516,Miss A,Solo / Group,,,,0
517,JULIE,Solo / Group,,,,0
518,蘇兒真,Solo / Group,,,,0
519,炎亞綸+劉力揚,Solo / Group,,,,0
520,林樂偉,Solo / Group,,,,0
521,RED芮德,Solo / Group,,,,0
522,Team H,Solo / Group,,,,0
523,牙套,Solo / Group,,,,0
524,劉以豪,Solo / Group,,,,0
525,羅小白,Solo / Group,,,,0
526,田亞霍,Solo / Group,,,,0
527,潘瑋柏+信,Solo / Group,,,,0
528,彭佳慧,Solo / Group,,,,0
529,Kiss,Solo / Group,,,,0
530,蕭淑慎+Super group超級天團,Solo / Group,,,,0
531,Ozone,Solo / Group,,,,0
532,Makiyo,Solo / Group,,,,0
533,倪安東,Solo / Group,,,,0
534,Mr.,Solo / Group,,,,0
535,2PM,Solo / Group,,,,0
536,王傳一,Solo / Group,,,,0
537,CLIFF RICHARD,Solo / Group,,,,0
538,HITOMI,Solo / Group,,,,0
539,HOUND DOG,Solo / Group,,,,0
540,藤井フミヤ,Solo / Group,,,,0
541,鄭中基,Solo / Group,,,,0
542,4 Minute,Solo / Group,,,,0
543,華原朋美,Solo / Group,,,,0
544,ROXETTE,Solo / Group,,,,0
545,BOBBY VINTON,Solo / Group,,,,0
546,寶兒,Solo / Group,,,,0
547,Deen,Solo / Group,,,,0
548,Coldplay,Solo / Group,,,,0
549,Madonna,Solo / Group,,,,0
550,吳建豪+安七炫,Solo / Group,,,,0
551,Dreams Come True,Solo / Group,,,,0
552,CARLY SIMON,Solo / Group,,,,0
553,和田 弘,Solo / Group,,,,0
554,松田聖子,Solo / Group,,,,0
555,山下達郎,Solo / Group,,,,0
556,金旼鐘,Solo / Group,,,,0
557,FRANKIE AVALON,Solo / Group,,,,0
558,小雪,Solo / Group,,,,0
559,杜德偉,Solo / Group,,,,0
560,杜德偉+小林優美,Solo / Group,,,,0
561,范曉萱+100%樂團,Solo / Group,,,,0
562,火星人,Solo / Group,,,,0
563,ANNIE LENNOX,Solo / Group,,,,0
564,高玉玫,Solo / Group,,,,0
565,羅之豪,Solo / Group,,,,0
566,蔡詩芸,Solo / Group,,,,0
567,Neneh Cherry,Solo / Group,,,,0
568,Jocelyn 9.4.0,Solo / Group,,,,0
569,高爾宣OSN+王 ADEN,Solo / Group,,,,0
570,王志清,Solo / Group,,,,0
571,Barry Chen+瘦子E.SO,Solo / Group,,,,0
572,BLUEM OF YOUTH,Solo / Group,,,,0
573,怕胖團,Solo / Group,,,,0
574,謝金燕,Solo / Group,,,,0
575,陳惠婷,Solo / Group,,,,0
576,元若藍,Solo / Group,,,,0
577,蔡旻佑,Solo / Group,,,,0
578,棒棒堂,Solo / Group,,,,0
579,L.M.F,Solo / Group,,,,0
580,Yellow Lee,Solo / Group,,,,0
581,陳佩賢 Jesslyn,Solo / Group,,,,0
582,派偉俊,Solo / Group,,,,0
583,胡利基,Solo / Group,,,,0
584,謝和弦+王艷薇,Solo / Group,,,,0
585,The Platters,Solo / Group,,,,0
586,藍心湄+謝和弦,Solo / Group,,,,0
587,逆思樂團,Solo / Group,,,,0
588,許雅涵,Solo / Group,,,,0
589,男闘呼組,Solo / Group,,,,0
590,KENNY LOGGINS,Solo / Group,,,,0
591,Zyboy忠宇,Solo / Group,,,,0
592,蔡詩芸+頑童MJ116,Solo / Group,,,,0
593,左光平,Solo / Group,,,,0
594,Ty.+王心凌,Solo / Group,,,,0
595,天舞,Solo / Group,,,,0
596,A-Lin+小宇,Solo / Group,,,,0
597,鄭進一+安迪+唐從聖,Solo / Group,,,,0
598,蕭全,Solo / Group,,,,0
599,荒山亮,Solo / Group,,,,0
600,豆心,Solo / Group,,,,0
601,麥小兜,Solo / Group,,,,0
602,張芯瑜,Solo / Group,,,,0
603,陳明喜,Solo / Group,,,,0
604,巴音汗,Solo / Group,,,,0
605,張艾嘉+劉若英+李心潔,Solo / Group,,,,0
606,信,Solo / Group,,,,0
607,陳慧琳+許志安+ON-LINE,Solo / Group,,,,0
608,影子計劃+黃品源,Solo / Group,,,,0
609,Dollyy,Solo / Group,,,,0
610,王靖雯,Solo / Group,,,,0
611,FLUX,Solo / Group,,,,0
612,你的上好佳,Solo / Group,,,,0
613,辛雯,Solo / Group,,,,0
614,2Moro,Solo / Group,,,,0
615,哈特利唱將+爐石神瘦瘦,Solo / Group,,,,0
616,承桓,Solo / Group,,,,0
617,林依輪,Solo / Group,,,,0
618,潘瑋柏+黃旭+肖恩恩,Solo / Group,,,,0
619,羅大佑,Solo / Group,,,,0
620,王識賢,Solo / Group,,,,0
621,隊長+黃禮格,Solo / Group,,,,0
622,盧子杰+屁孩 RYAN+柯政宏,Solo / Group,,,,0
623,楊家成,Solo / Group,,,,0
624,易桀齊,Solo / Group,,,,0
625,脫拉庫樂團,Solo / Group,,,,0
626,邰正宵,Solo / Group,,,,0
627,強辯樂團,Solo / Group,,,,0
628,閃閃閃閃,Solo / Group,,,,0
629,陳奕迅,Solo / Group,,,,0
630,猴子飛行員,Solo / Group,,,,0
631,Selina,Solo / Group,,,,0
632,馮瑋君,Solo / Group,,,,0
633,拾參樂團,Solo / Group,,,,0
634,圖騰,Solo / Group,,,,0
635,黃妃,Solo / Group,,,,0
636,徐皓程+陳全,Solo / Group,,,,0
637,美秀集團,Solo / Group,,,,0
638,Marz23,Solo / Group,,,,0
639,許鈞,Solo / Group,,,,0
640,蘇慧倫,Solo / Group,,,,0
641,施文彬,Solo / Group,,,,0
642,可米小子,Solo / Group,,,,0
643,Michael Learns To Rock,Solo / Group,,,,0
644,汪蘇瀧,Solo / Group,,,,0
645,Sinend O'connor,Solo / Group,,,,0
646,Mc HotDog+關彥淳,Solo / Group,,,,0
647,Aioz+Th-9,Solo / Group,,,,0
648,徐乃麟,Solo / Group,,,,0
649,徐懷鈺+U:NUS 高胥崴,Solo / Group,,,,0
650,李崗霖,Solo / Group,,,,0
651,張文綺,Solo / Group,,,,0
652,朱海君,Solo / Group,,,,0
653,吳瑭,Solo / Group,,,,0
654,彭羚,Solo / Group,,,,0
655,蘇慧倫+魏如萱,Solo / Group,,,,0
656,雷光夏,Solo / Group,,,,0
657,八三夭,Solo / Group,,,,0
658,プッチモニ,Solo / Group,,,,0
659,羅百吉,Solo / Group,,,,0
660,許富凱+血肉果汁機,Solo / Group,,,,0
661,飛輪海,Solo / Group,,,,0
662,4EVER,Solo / Group,,,,0
663,Jpm,Solo / Group,,,,0
664,周渝民,Solo / Group,,,,0
665,TRASH+于修,Solo / Group,,,,0
666,不靠譜組合+丁芙妮,Solo / Group,,,,0
667,呆呆破,Solo / Group,,,,0
668,蕭淑慎,Solo / Group,,,,0
669,劉若英+楊坤,Solo / Group,,,,0
670,蘋果姐姐,Solo / Group,,,,0
671,AKB48 Team TP,Solo / Group,,,,0
672,KU古曜威,Solo / Group,,,,0
673,琳誼+洋蔥,Solo / Group,,,,1
674,劉增瞳,Solo / Group,,,,0
675,壞胚子BAD MAN,Solo / Group,,,,0
676,Lou Bega,Solo / Group,,,,0
677,黃舒駿,Solo / Group,,,,0
678,阿肆,Solo / Group,,,,0
679,夾子電動大樂隊,Solo / Group,,,,0
680,Robynn & Kendy,Solo / Group,,,,0
681,郁可唯,Solo / Group,,,,0
682,鯊魚娃娃機,Solo / Group,,,,0
683,孫耀威,Solo / Group,,,,0
684,THE VERSE,Solo / Group,,,,0
685,潮州土狗,Solo / Group,,,,0
686,九九,Solo / Group,,,,0
687,朱安禹,Solo / Group,,,,2
688,李威,Solo / Group,,,,0
689,JumJum+鳥森,Solo / Group,,,,0
690,王ADEN,Solo / Group,,,,0
691,許茹芸,Solo / Group,,,,0
692,歐得洋,Solo / Group,,,,0
693,蘇星婕+王忻辰,Solo / Group,,,,0
694,大哲,Solo / Group,,,,0
695,唐雅明,Solo / Group,,,,0
696,超仁,Solo / Group,,,,0
697,本田美奈子,Solo / Group,,,,0
698,櫻桃幫,Solo / Group,,,,0
699,桃子,Solo / Group,,,,0
700,任賢齊,Solo / Group,,,,1
701,王ADEN+高爾宣OSN,Solo / Group,,,,0
702,許志安,Solo / Group,,,,0
703,林冠吟,Solo / Group,,,,0
704,夜貓組+李英宏,Solo / Group,,,,0
705,呂士軒,Solo / Group,,,,0
706,蕭閎仁,Solo / Group,,,,0
707,壞胚子 Bad man,Solo / Group,,,,0
708,郭富城,Solo / Group,,,,0
709,草屯囝仔+洋蔥,Solo / Group,,,,3
710,萬芳,Solo / Group,,,,0
711,車靜子,Solo / Group,,,,0
712,翼勢力+企鵝,Solo / Group,,,,0
713,毛鵬懿,Solo / Group,,,,0
714,何耀珊,Solo / Group,,,,0
715,謝霆鋒,Solo / Group,,,,0
716,王羚柔,Solo / Group,,,,0
717,鄭伊健,Solo / Group,,,,0
718,馬念先,Solo / Group,,,,0
719,The Clovers,Solo / Group,,,,0
720,王傑,Solo / Group,,,,0
721,許美靜,Solo / Group,,,,0
722,美聲四季,Solo / Group,,,,0
723,紀佳松,Solo / Group,,,,0
724,孫淑媚,Solo / Group,,,,0
725,陳雷,Solo / Group,,,,0
726,肖戰,Solo / Group,,,,0
727,阿良偉,Solo / Group,,,,0
728,朴樹,Solo / Group,,,,0
729,張羽偉,Solo / Group,,,,0
730,林隆璇,Solo / Group,,,,0
731,沈芳如,Solo / Group,,,,0
732,G5SH+李千娜,Solo / Group,,,,0
733,北原山貓,Solo / Group,,,,0
734,七月半 SevenFat,Solo / Group,,,,0
735,程jiajia,Solo / Group,,,,0
736,元氣 G-BOYS,Solo / Group,,,,0
737,賴富正,Solo / Group,,,,0
738,深白色二人組,Solo / Group,,,,0
739,芭比,Solo / Group,,,,0
740,鳳飛飛,Solo / Group,,,,0
741,李千娜,Solo / Group,,,,0
742,高明駿,Solo / Group,,,,0
743,艾蜜莉AMILI,Solo / Group,,,,0
744,卜學亮,Solo / Group,,,,0
745,高向鵬+方瑞娥,Solo / Group,,,,0
746,周傳雄,Solo / Group,,,,0
747,耳朵便利店,Solo / Group,,,,0
748,羅時豐,Solo / Group,,,,0
749,坣娜,Solo / Group,,,,0
750,柯以敏,Solo / Group,,,,0
751,安心亞,Solo / Group,,,,0
752,慕容曉曉,Solo / Group,,,,0
753,優客李林,Solo / Group,,,,0
754,譚晶,Solo / Group,,,,0
755,余天,Solo / Group,,,,0
756,陳祈信,Solo / Group,,,,0
757,杭天琪,Solo / Group,,,,0
758,梁文音,Solo / Group,,,,0
759,陳冠霖+秀蘭瑪雅,Solo / Group,,,,0
760,張宇,Solo / Group,,,,0
761,阿吉仔,Solo / Group,,,,0
762,陳默之,Solo / Group,,,,0
763,洪榮宏,Solo / Group,,,,0
764,黃仲崑,Solo / Group,,,,0
765,鄭少秋,Solo / Group,,,,0
766,M哥+半陽,Solo / Group,,,,0
767,林雨,Solo / Group,,,,0
768,李雅芳,Solo / Group,,,,0
769,劉信明+陳思安,Solo / Group,,,,0
770,吳俊宏,Solo / Group,,,,0
771,任賢齊+莫那,Solo / Group,,,,0
772,玟靈,Solo / Group,,,,0
773,方瑞娥,Solo / Group,,,,0
774,石榴精神,Solo / Group,,,,0
775,江蕙,Solo / Group,,,,0
776,于林真,Solo / Group,,,,0
777,郭桂彬,Solo / Group,,,,0
778,潘姵莉+蔡義德,Solo / Group,,,,0
779,en,Solo / Group,,,,0
780,莊淑君,Solo / Group,,,,0
781,詹曼鈴,Solo / Group,,,,0
782,飛魚,Solo / Group,,,,0
783,吳宗憲,Solo / Group,,,,0
784,甲子慧,Solo / Group,,,,0
785,失控樂團,Solo / Group,,,,0
786,管罄,Solo / Group,,,,0
787,陳淑萍,Solo / Group,,,,0
788,棉花糖,Solo / Group,,,,0
789,Sweety,Solo / Group,,,,0
790,王超然,Solo / Group,,,,0
791,魏佳藝,Solo / Group,,,,0
792,零一九零貳,Solo / Group,,,,0
793,蔡秋鳳,Solo / Group,,,,0
794,謝震廷+徐靖玟,Solo / Group,,,,0
795,康康,Solo / Group,,,,0
796,白光,Solo / Group,,,,0
797,辦桌二人組,Solo / Group,,,,0
798,周林楓,Solo / Group,,,,0
799,薛凱琪,Solo / Group,,,,0
800,王一佳,Solo / Group,,,,0
801,白冰冰,Solo / Group,,,,0
802,蕭淑慎+Spicy girl麻辣女生,Solo / Group,,,,0
803,亂彈阿翔,Solo / Group,,,,0
804,澎恰恰+李鑼+九孔+王中平,Solo / Group,,,,0
805,蛋堡,Solo / Group,,,,0
806,莫宰羊+Asiaboy 禁藥王+栗子+Gambler,Solo / Group,,,,0
807,信+KEITH STUART,Solo / Group,,,,0
808,七郎,Solo / Group,,,,0
809,吳青峰+大橋三重唱,Solo / Group,,,,1
810,張芸京,Solo / Group,,,,0
811,范瑋琪,Solo / Group,,,,0
812,羅志祥+楊丞琳,Solo / Group,,,,0
813,楊燕,Solo / Group,,,,0
814,王嘉爾,Solo / Group,,,,0
815,楊靜,Solo / Group,,,,0
816,1976,Solo / Group,,,,0
817,許哲珮,Solo / Group,,,,0
818,OVDS+陳惠婷,Solo / Group,,,,0
819,殘雪,Solo / Group,,,,0
820,張文綺+浩角翔起,Solo / Group,,,,0
821,螺絲釘,Solo / Group,,,,0
822,蔡佳麟,Solo / Group,,,,0
823,劉于平,Solo / Group,,,,0
824,王江發,Solo / Group,,,,0
825,張秀卿,Solo / Group,,,,0
826,海來阿木,Solo / Group,,,,0
827,林采緹,Solo / Group,,,,0
828,Kinki Kids,Solo / Group,,,,0
829,左左右右,Solo / Group,,,,0
830,吳克群+Kc左元傑,Solo / Group,,,,0
831,吳克群,Solo / Group,,,,0
832,鄭怡,Solo / Group,,,,0
833,楊千嬅,Solo / Group,,,,0
834,刀郎,Solo / Group,,,,0
835,張雷,Solo / Group,,,,0
836,廖語晴,Solo / Group,,,,0
837,林憶蓮,Solo / Group,,,,0
838,LBI利比,Solo / Group,,,,0
839,吳是閎,Solo / Group,,,,0
840,劉虹翎,Solo / Group,,,,0
841,張津滌,Solo / Group,,,,0
842,季彥霖+蘇琛,Solo / Group,,,,0
843,梁詠琪+古巨基,Solo / Group,,,,0
844,許晉豪,Solo / Group,,,,0
845,林為音,Solo / Group,,,,0
846,許佳慧,Solo / Group,,,,0
847,林志炫,Solo / Group,,,,0
848,李健達,Solo / Group,,,,0
849,黎明+陳慧嫻,Solo / Group,,,,0
850,蔡幸娟,Solo / Group,,,,0
851,玄子,Solo / Group,,,,0
852,楊小壯,Solo / Group,,,,1
853,袁婭維,Solo / Group,,,,0
854,游鴻明,Solo / Group,,,,0
855,羅文,Solo / Group,,,,0
856,原子邦妮,Solo / Group,,,,0
857,張婧,Solo / Group,,,,0
858,楊林,Solo / Group,,,,0
859,林俊賢,Solo / Group,,,,0
860,嘿人李逵Noisemakers+一小只TuTu,Solo / Group,,,,0
861,季彥霖,Solo / Group,,,,0
862,趙鑫,Solo / Group,,,,0
863,徐劍秋,Solo / Group,,,,0
864,星月組合,Solo / Group,,,,0
865,阿龍正罡,Solo / Group,,,,0
866,Dear Jane,Solo / Group,,,,0
867,椅子樂團,Solo / Group,,,,0
868,曾慶瑜,Solo / Group,,,,0
869,四個朋友,Solo / Group,,,,0
870,半陽,Solo / Group,,,,0
871,黃品源,Solo / Group,,,,0
872,吳家程,Solo / Group,,,,0
873,沈建豪,Solo / Group,,,,0
874,曹雅雯,Solo / Group,,,,0
875,楊烈,Solo / Group,,,,0
876,孫協志,Solo / Group,,,,0
877,余天龍,Solo / Group,,,,0
878,王樂達,Solo / Group,,,,0
879,黃思婷,Solo / Group,,,,0
880,謝雷+呂明銀,Solo / Group,,,,0
881,江惠儀,Solo / Group,,,,0
882,趙傳,Solo / Group,,,,0
883,浩角翔起,Solo / Group,,,,0
884,李代沫,Solo / Group,,,,0
885,Twins,Solo / Group,,,,0
886,王彩樺,Solo / Group,,,,0
887,張智霖,Solo / Group,,,,0
888,孫盛希,Solo / Group,,,,0
889,周治平,Solo / Group,,,,0
890,郭婷筠,Solo / Group,,,,0
891,湯旭,Solo / Group,,,,0
892,翁立友+黃思婷,Solo / Group,,,,0
893,澎恰恰,Solo / Group,,,,0
894,李愛綺,Solo / Group,,,,0
895,謝莉婷,Solo / Group,,,,0
896,七郎+黑面,Solo / Group,,,,0
897,劉嘉亮,Solo / Group,,,,0
898,血肉果汁機,Solo / Group,,,,0
899,連錦雄,Solo / Group,,,,0
900,零點樂隊,Solo / Group,,,,0
901,王瑞霞,Solo / Group,,,,0
902,pro,Solo / Group,,,,0
903,蔡麗津,Solo / Group,,,,0
904,巫啟賢,Solo / Group,,,,0
905,浪子龍飛,Solo / Group,,,,0
906,隔壁老樊,Solo / Group,,,,0
907,曾心梅,Solo / Group,,,,0
908,劉可以,Solo / Group,,,,0
909,慧嫻與薇倪,Solo / Group,,,,0
910,李克勤,Solo / Group,,,,0
911,葉蒨文,Solo / Group,,,,0
912,許巍,Solo / Group,,,,0
913,伊雪,Solo / Group,,,,0
914,鄺美雲,Solo / Group,,,,0
915,滅火器Fire Ex.,Solo / Group,,,,0
916,金子嫣+麥德羅,Solo / Group,,,,0
917,謝雷+謝小琪,Solo / Group,,,,0
918,林子娟,Solo / Group,,,,0
919,陳瑞,Solo / Group,,,,0
920,是火山o,Solo / Group,,,,0
921,上豪,Solo / Group,,,,0
922,林少緯,Solo / Group,,,,0
923,童安格,Solo / Group,,,,0
924,韋禮安+郭靜,Solo / Group,,,,0
925,陳百強+林姍姍,Solo / Group,,,,0
926,王澤科,Solo / Group,,,,0
927,浪花兄弟,Solo / Group,,,,0
928,藍又時,Solo / Group,,,,0
929,高暢,Solo / Group,,,,0
930,樂紅,Solo / Group,,,,0
931,向思悅,Solo / Group,,,,0
932,願願,Solo / Group,,,,0
933,宇宙人,Solo / Group,,,,0
934,張齊山,Solo / Group,,,,0
935,李碧華,Solo / Group,,,,0
936,陳勢安,Solo / Group,,,,0
937,楊小萍,Solo / Group,,,,0
938,陳小霞,Solo / Group,,,,0
939,小安,Solo / Group,,,,0
940,謝和弦,Solo / Group,,,,0
941,郭品超,Solo / Group,,,,0
942,1K,Solo / Group,,,,0
943,朱宇青,Solo / Group,,,,0
944,九姨太,Solo / Group,,,,0
945,黎明柔,Solo / Group,,,,0
946,阿悄,Solo / Group,,,,0
947,動力火車,Solo / Group,,,,0
948,趙又廷+Color,Solo / Group,,,,0
949,林宥嘉,Solo / Group,,,,0
950,LuLu黃路梓茵,Solo / Group,,,,0
951,櫻花姊妹,Solo / Group,,,,0
952,趙乃吉,Solo / Group,,,,0
953,小眼鑫,Solo / Group,,,,0
954,張瑤,Solo / Group,,,,0
955,周杰倫+杜國璋,Solo / Group,,,,1
956,張清芳,Solo / Group,,,,0
957,天蠍,Solo / Group,,,,0
958,張皓+林茜,Solo / Group,,,,0
959,許佳麟,Solo / Group,,,,0
960,李宓,Solo / Group,,,,0
961,于台煙,Solo / Group,,,,0
962,唐儷,Solo / Group,,,,0
963,阿桑,Solo / Group,,,,0
964,邱比,Solo / Group,,,,0
965,許藝娜,Solo / Group,,,,0
966,音樂鐵人,Solo / Group,,,,0
967,風采輪,Solo / Group,,,,0
968,羅文聰+關艾,Solo / Group,,,,0
969,單循,Solo / Group,,,,0
970,林俊吉+張艾莉,Solo / Group,,,,0
971,蔡義德+方千玉,Solo / Group,,,,0
972,葉歡+林煒+王美雪+張晨光,Solo / Group,,,,0
973,林俊吉+方千玉,Solo / Group,,,,0
974,陳茂豐,Solo / Group,,,,0
975,林姍,Solo / Group,,,,0
976,姜玉陽,Solo / Group,,,,0
977,詹雅雯,Solo / Group,,,,0
978,洪文斌+黃小菁,Solo / Group,,,,0
979,黃西田+白冰冰,Solo / Group,,,,0
980,楊哲+江惠儀,Solo / Group,,,,0
981,楊榮輝,Solo / Group,,,,0
982,海援隊,Solo / Group,,,,0
983,費玉清,Solo / Group,,,,0
984,張智霖+許秋怡,Solo / Group,,,,0
985,伊能靜,Solo / Group,,,,0
986,宋瑞梅,Solo / Group,,,,0
987,王玲,Solo / Group,,,,0
988,趙真,Solo / Group,,,,0
989,楊家雙胞胎,Solo / Group,,,,0
990,蘇打綠+PRISCILLA AHN,Solo / Group,,,,0
991,曹格+卓文萱,Solo / Group,,,,0
992,許富凱+張文綺,Solo / Group,,,,0
993,元嘉,Solo / Group,,,,0
994,蘇振華,Solo / Group,,,,0
995,伊格賽聽+狐妖,Solo / Group,,,,0
996,楊一歌,Solo / Group,,,,0
997,焦七七,Solo / Group,,,,0
998,日京江羽人,Solo / Group,,,,0
999,封茗囧菌,Solo / Group,,,,0
1000,霧島 昇+渡辺はま子,Solo / Group,,,,0
1001,林承光,Solo / Group,,,,0
1002,JS,Solo / Group,,,,0
1003,陳明章,Solo / Group,,,,0
1004,王中平,Solo / Group,,,,0
1005,田帥+戴梅君,Solo / Group,,,,0
1006,Peter老皮,Solo / Group,,,,0
1007,劉依純,Solo / Group,,,,0
1008,司夏,Solo / Group,,,,0
1009,庹宗華,Solo / Group,,,,0
1010,星爺+建德,Solo / Group,,,,0
1011,陳曉竹,Solo / Group,,,,0
1012,鄧麗君,Solo / Group,,,,0
1013,劉昱賢+小林玉置,Solo / Group,,,,0
1014,自從,Solo / Group,,,,0
1015,袁小迪+龍千玉,Solo / Group,,,,0
1016,自從+老皮,Solo / Group,,,,0
1017,程響,Solo / Group,,,,0
1018,曹雨航,Solo / Group,,,,0
1019,荒山亮+風采輪,Solo / Group,,,,0
1020,劉昱賢,Solo / Group,,,,0
1021,譚維維,Solo / Group,,,,0
1022,零壹九零貳,Solo / Group,,,,0
1023,莊振凱,Solo / Group,,,,0
1024,吳木,Solo / Group,,,,0
1025,袁小迪,Solo / Group,,,,0
1026,林濬揚,Solo / Group,,,,0
1027,葉麗儀,Solo / Group,,,,0
1028,草屯囝仔,Solo / Group,,,,0
1029,李學宸+龍千玉,Solo / Group,,,,0
1030,王俊傑,Solo / Group,,,,0
1031,潘秀瓊,Solo / Group,,,,0
1032,廖昌永,Solo / Group,,,,0
1033,三橋美智也,Solo / Group,,,,0
1034,海鳴威,Solo / Group,,,,0
1035,張懸,Solo / Group,,,,0
1036,于文文,Solo / Group,,,,0
1037,家家+茄子蛋,Solo / Group,,,,1
1038,溫昇豪,Solo / Group,,,,0
1039,譚詠麟,Solo / Group,,,,0
1040,邱芸子,Solo / Group,,,,0
1041,何超儀,Solo / Group,,,,0
1042,夏婉安,Solo / Group,,,,0
1043,陳百強,Solo / Group,,,,0
1044,王韻,Solo / Group,,,,0
1045,甄妮,Solo / Group,,,,0
1046,張柏芝,Solo / Group,,,,0
1047,DAPUN大胖+陳思函,Solo / Group,,,,0
1048,陳嘉樺Ella,Solo / Group,,,,0
1049,林佳儀,Solo / Group,,,,0
1050,莊鵑瑛,Solo / Group,,,,0
1051,商潮,Solo / Group,,,,0
1052,黃乙玲,Solo / Group,,,,0
1053,方思凡,Solo / Group,,,,0
1054,周華健+李度,Solo / Group,,,,0
1055,一隻白羊,Solo / Group,,,,0
1056,蔡佳瑩,Solo / Group,,,,0
1057,邱金倫,Solo / Group,,,,0
1058,沐婷,Solo / Group,,,,0
1059,葉炫清,Solo / Group,,,,0
1060,王菲,Solo / Group,,,,0
1061,Cd Voice,Solo / Group,,,,0
1062,黃千芳,Solo / Group,,,,0
1063,東來東往,Solo / Group,,,,0
1064,古巨基,Solo / Group,,,,0
1065,盧巧音,Solo / Group,,,,0
1066,陳大天,Solo / Group,,,,0
1067,Tizzy Bac,Solo / Group,,,,0
1068,閃亮三姊妹,Solo / Group,,,,0
1069,賀敬軒,Solo / Group,,,,0
1070,夢然,Solo / Group,,,,0
1071,小樂哥,Solo / Group,,,,0
1072,鼓鼓,Solo / Group,,,,0
1073,皮卡丘多多,Solo / Group,,,,0
1074,雙燕姐妹,Solo / Group,,,,0
1075,Hi.女孩,Solo / Group,,,,0
1076,徐佳瑩,Solo / Group,,,,0
1077,黃明志,Solo / Group,,,,0
1078,信樂團,Solo / Group,,,,0
1079,李明洋,Solo / Group,,,,0
1080,錢薇娟,Solo / Group,,,,0
1081,韓紅,Solo / Group,,,,0
1082,林奕匡,Solo / Group,,,,0
1083,黃春妹,Solo / Group,,,,0
1084,劉鳳瑤,Solo / Group,,,,0
1085,高向鵬+方怡萍,Solo / Group,,,,0
1086,陳曉娟,Solo / Group,,,,0
1087,黃明志+李佳薇,Solo / Group,,,,0
1088,伊雪莉,Solo / Group,,,,0
1089,侯澤潤,Solo / Group,,,,0
1090,阿禹ayy,Solo / Group,,,,0
1091,張雨生,Solo / Group,,,,0
1092,蔡小虎,Solo / Group,,,,0
1093,姚莉,Solo / Group,,,,0
1094,獅子,Solo / Group,,,,0
1095,田心蕾,Solo / Group,,,,0
1096,陳凡騏,Solo / Group,,,,0
1097,玩聲樂團,Solo / Group,,,,0
1098,謝宜君,Solo / Group,,,,0
1099,艾怡良,Solo / Group,,,,0
1100,熊寶貝樂團,Solo / Group,,,,0
1101,方怡萍,Solo / Group,,,,0
1102,Boxing樂團,Solo / Group,,,,0
1103,劉傑洛,Solo / Group,,,,0
1104,郭忠祐+曹雅雯,Solo / Group,,,,0
1105,鄭進一+澎恰恰+許效舜,Solo / Group,,,,0
1106,Marz23+Faye 詹雯婷,Solo / Group,,,,0
1107,黃小琥,Solo / Group,,,,0
1108,保劍鋒+李智楠,Solo / Group,,,,0
1109,蕭煌奇,Solo / Group,,,,0
1110,邱琦雯,Solo / Group,,,,0
1111,張艾莉,Solo / Group,,,,0
1112,梁一貞,Solo / Group,,,,0
1113,方順吉,Solo / Group,,,,0
1114,王一一,Solo / Group,,,,0
1115,鍾鎮濤,Solo / Group,,,,0
1116,李英宏,Solo / Group,,,,0
1117,孔蘭薰,Solo / Group,,,,0
1118,謝安琪,Solo / Group,,,,0
1119,藍心湄,Solo / Group,,,,0
1120,賴慧如,Solo / Group,,,,0
1121,陳德容,Solo / Group,,,,0
1122,那對夫妻,Solo / Group,,,,0
1123,黃玠瑋,Solo / Group,,,,0
1124,丁芙妮,Solo / Group,,,,0
1125,劉惜君,Solo / Group,,,,0
1126,成方圓,Solo / Group,,,,0
1127,陳嘉唯,Solo / Group,,,,0
1128,無印良品,Solo / Group,,,,0
1129,K One+Ivy,Solo / Group,,,,0
1130,何韻詩,Solo / Group,,,,0
1131,黃明志+胡光孝,Solo / Group,,,,0
1132,吳勇濱,Solo / Group,,,,0
1133,向蕙玲,Solo / Group,,,,0
1134,一綾+周慧璇,Solo / Group,,,,0
1135,成龍,Solo / Group,,,,0
1136,陳隨意+謝宜君,Solo / Group,,,,0
1137,李翊君,Solo / Group,,,,0
1138,阿YueYue+戾格,Solo / Group,,,,0
1139,陳衣宸,Solo / Group,,,,0
1140,楊培安,Solo / Group,,,,0
1141,蔣卓嘉,Solo / Group,,,,0
1142,葉里,Solo / Group,,,,0
1143,許嵩+,Solo / Group,,,,0
1144,蚊子+筱瞳,Solo / Group,,,,0
1145,張語噥,Solo / Group,,,,0
1146,李明洋+戴佩蓉,Solo / Group,,,,0
1147,李正帆+趙詠華,Solo / Group,,,,0
1148,陳倩倩,Solo / Group,,,,0
1149,文峰,Solo / Group,,,,0
1150,曾子嵐,Solo / Group,,,,0
1151,一綾,Solo / Group,,,,0
1152,嘿人李逵Noisemakers+薯片啾啾,Solo / Group,,,,0
1153,林以樂,Solo / Group,,,,0
1154,豆包,Solo / Group,,,,0
1155,柯有倫+汪小敏,Solo / Group,,,,0
1156,大泉逸郎,Solo / Group,,,,0
1157,孫毅然,Solo / Group,,,,0
1158,周豔泓,Solo / Group,,,,0
1159,陳蘿莉,Solo / Group,,,,0
1160,小男孩樂團,Solo / Group,,,,0
1161,陳盈潔,Solo / Group,,,,0
1162,芮恩,Solo / Group,,,,0
1163,熊海玲,Solo / Group,,,,0
1164,林良歡,Solo / Group,,,,0
1165,洪文斌,Solo / Group,,,,0
1166,吳汶芳,Solo / Group,,,,0
1167,徐帆,Solo / Group,,,,0
1168,何潔,Solo / Group,,,,0
1169,紅布條+李悅君,Solo / Group,,,,0
1170,付俊樂,Solo / Group,,,,0
1171,韓磊,Solo / Group,,,,0
1172,伍思凱,Solo / Group,,,,0
1173,cici_,Solo / Group,,,,0
1174,洪佩瑜,Solo / Group,,,,0
1175,飛石號,Solo / Group,,,,0
1176,江蕾,Solo / Group,,,,0
1177,白安,Solo / Group,,,,0
1178,李菲菲,Solo / Group,,,,0
1179,Neon,Solo / Group,,,,0
1180,Go Go Rise 美好前程,Solo / Group,,,,0
1181,王忻辰+夏提,Solo / Group,,,,0
1182,路嘉欣,Solo / Group,,,,0
1183,黃明志+王力宏,Solo / Group,,,,0
1184,阿爍,Solo / Group,,,,0
1185,關穎,Solo / Group,,,,0
1186,邱義鈞,Solo / Group,,,,0
1187,小松拓也,Solo / Group,,,,0
1188,李明洋+陳夏蓮,Solo / Group,,,,0
1189,于立成,Solo / Group,,,,0
1190,梅朵,Solo / Group,,,,0
1191,李國祥,Solo / Group,,,,0
1192,凡人二重唱,Solo / Group,,,,0
1193,魏如昀,Solo / Group,,,,0
1194,潘瑋柏+王珞丹,Solo / Group,,,,0
1195,告五人,Solo / Group,,,,0
1196,路有依,Solo / Group,,,,0
1197,宋冬野,Solo / Group,,,,0
1198,楊孝君,Solo / Group,,,,0
1199,高向鵬+林良歡+唐儷,Solo / Group,,,,0
1200,永邦,Solo / Group,,,,0
1201,蕭亞軒,Solo / Group,,,,0
1202,洪榮宏+張瀞云,Solo / Group,,,,0
1203,FS,Solo / Group,,,,0
1204,吳俊宏+朱海君,Solo / Group,,,,0
1205,卓義峰,Solo / Group,,,,0
1206,晨熙,Solo / Group,,,,0
1207,榮忠豪,Solo / Group,,,,0
1208,艾薇,Solo / Group,,,,0
1209,黃湘怡,Solo / Group,,,,0
1210,蘇星婕+吳瑭,Solo / Group,,,,0
1211,龍飄飄,Solo / Group,,,,0
1212,陳立農,Solo / Group,,,,0
1213,石康軍,Solo / Group,,,,0
1214,洋瀾一,Solo / Group,,,,0
1215,陳國華,Solo / Group,,,,0
1216,林玉英,Solo / Group,,,,0
1217,翁立友+瑋瑋,Solo / Group,,,,0
1218,林心如,Solo / Group,,,,2
1219,良一+云曼,Solo / Group,,,,0
1220,キム・ヨンジャ,Solo / Group,,,,0
1221,PlayBigKids,Solo / Group,,,,0
1222,金田たつえ,Solo / Group,,,,0
1223,柯較瘦,Solo / Group,,,,0
1224,近江俊郎,Solo / Group,,,,0
1225,陳浩民,Solo / Group,,,,0
1226,玖壹壹+Matzka,Solo / Group,,,,0
1227,唐磊,Solo / Group,,,,0
1228,謝雷+張琪,Solo / Group,,,,0
1229,許志安+張學友+鄭中基,Solo / Group,,,,0
1230,吳俊宏+張秀卿,Solo / Group,,,,0
1231,傅夢彤,Solo / Group,,,,0
1232,張鳳鳳,Solo / Group,,,,0
1233,楊哲,Solo / Group,,,,0
1234,黃文星,Solo / Group,,,,0
1235,周韋杰+蔡義德,Solo / Group,,,,0
1236,紫君,Solo / Group,,,,0
1237,阿弟仔,Solo / Group,,,,0
1238,張馥桂+鄧詠家,Solo / Group,,,,0
1239,張三李四,Solo / Group,,,,0
1240,靜物樂團,Solo / Group,,,,0
1241,陳婷婷,Solo / Group,,,,0
1242,孫建平,Solo / Group,,,,0
1243,北島三郎,Solo / Group,,,,0
1244,大小姐+卜學亮,Solo / Group,,,,0
1245,周華容,Solo / Group,,,,0
1246,張艾嘉,Solo / Group,,,,0
1247,李心潔,Solo / Group,,,,0
1248,光良+衛蘭,Solo / Group,,,,0
1249,辛曉琪,Solo / Group,,,,0
1250,光良,Solo / Group,,,,0
1251,夏國星,Solo / Group,,,,0
1252,傲七爺,Solo / Group,,,,0
1253,胡夏,Solo / Group,,,,0
1254,阿牛,Solo / Group,,,,0
1255,陳明憙,Solo / Group,,,,0
1256,賀子玲,Solo / Group,,,,0
1257,Aioz,Solo / Group,,,,0
1258,王心如+大嘴巴,Solo / Group,,,,0
1259,魚兒七,Solo / Group,,,,0
1260,葉秉桓,Solo / Group,,,,0
1261,杜治民,Solo / Group,,,,0
1262,晨悠,Solo / Group,,,,0
1263,陳粒,Solo / Group,,,,0
1264,甘璐,Solo / Group,,,,0
1265,秋褲大叔,Solo / Group,,,,0
1266,李寧靜,Solo / Group,,,,0
1267,甜約翰,Solo / Group,,,,0
1268,張凌楓,Solo / Group,,,,0
1269,黃鶯鶯,Solo / Group,,,,0
1270,周俊偉,Solo / Group,,,,0
1271,翁新茜,Solo / Group,,,,0
1272,王翼焱,Solo / Group,,,,0
1273,姜育恆,Solo / Group,,,,0
1274,舒米恩SUMING,Solo / Group,,,,0
1275,亦伊,Solo / Group,,,,0
1276,山水組合,Solo / Group,,,,0
1277,赤夕,Solo / Group,,,,0
1278,倪浩毅,Solo / Group,,,,0
1279,羅文聰,Solo / Group,,,,0
1280,林依晨,Solo / Group,,,,0
1281,TANK,Solo / Group,,,,0
1282,王渝+林志炫,Solo / Group,,,,0
1283,余天龍+謝莉婷,Solo / Group,,,,0
1284,曾瑋中+嘻小瓜,Solo / Group,,,,0
1285,鄧寧,Solo / Group,,,,0
1286,花僮,Solo / Group,,,,0
1287,龔玥,Solo / Group,,,,0
1288,李玉剛,Solo / Group,,,,0
1289,黃一飛,Solo / Group,,,,0
1290,陳百潭,Solo / Group,,,,0
1291,閃靈,Solo / Group,,,,0
1292,艾成,Solo / Group,,,,0
1293,彭正,Solo / Group,,,,0
1294,迪克牛仔,Solo / Group,,,,0
1295,蔡小虎+龍千玉,Solo / Group,,,,0
1296,阿吉仔+戴梅君,Solo / Group,,,,0
1297,張靜沄,Solo / Group,,,,0
1298,乃慧,Solo / Group,,,,0
1299,蘇慧倫+莫文蔚,Solo / Group,,,,0
1300,陳明真,Solo / Group,,,,0
1301,葉諾帆,Solo / Group,,,,0
1302,王琪,Solo / Group,,,,0
1303,千翼,Solo / Group,,,,0
1304,J-STAR,Solo / Group,,,,0
1305,阿權,Solo / Group,,,,0
1306,S.B.D.W.,Solo / Group,,,,0
1307,常久,Solo / Group,,,,0
1308,陳鷹,Solo / Group,,,,0
1309,林顯丞,Solo / Group,,,,0
1310,柯受良,Solo / Group,,,,0
1311,高凌風,Solo / Group,,,,0
1312,宋鹽球,Solo / Group,,,,0
1313,彫柏 horikasiwa+Henry,Solo / Group,,,,0
1314,LA四賤客,Solo / Group,,,,0
1315,豪記大合唱,Solo / Group,,,,0
1316,美秀集團+盧廣仲,Solo / Group,,,,0
1317,半噸兄弟,Solo / Group,,,,0
1318,韓寶儀,Solo / Group,,,,0
1319,芒果醬 Mango Jump,Solo / Group,,,,0
1320,藍波,Solo / Group,,,,0
1321,王建傑,Solo / Group,,,,0
1322,陳隨意,Solo / Group,,,,0
1323,楊哲+陳思安,Solo / Group,,,,0
1324,鄔兆邦+陳思安,Solo / Group,,,,0
1325,韋禮安+Matzka,Solo / Group,,,,0
1326,李明洋+林姍,Solo / Group,,,,0
1327,廢五金,Solo / Group,,,,0
1328,沈建豪+林良歡,Solo / Group,,,,0
1329,小東,Solo / Group,,,,0
1330,吳欣達+蔡宜汝,Solo / Group,,,,0
1331,甲子慧+吳欣達,Solo / Group,,,,0
1332,林美秀,Solo / Group,,,,0
1333,七朵花,Solo / Group,,,,0
1334,阿蘭,Solo / Group,,,,0
1335,葉啟田,Solo / Group,,,,0
1336,葉諾帆+謝宜君,Solo / Group,,,,0
1337,陳亞蘭,Solo / Group,,,,0
1338,韓瑜+宋逸民,Solo / Group,,,,0
1339,賈靜雯+江宏恩+黃少祺+張鳳書,Solo / Group,,,,0
1340,吳青峰+蜷川紅,Solo / Group,,,,1
1341,陳零九+鄭茵聲,Solo / Group,,,,0
1342,秀蘭瑪雅,Solo / Group,,,,0
1343,李建復,Solo / Group,,,,0
1344,蔡佳麟+郭婷筠,Solo / Group,,,,0
1345,阿YueYue,Solo / Group,,,,0
1346,陳一郎,Solo / Group,,,,0
1347,李園佳子,Solo / Group,,,,0
1348,小刀樂團,Solo / Group,,,,0
1349,夏卡毛樂團,Solo / Group,,,,0
1350,盧巧音+脫拉庫樂團,Solo / Group,,,,0
1351,酷愛樂團+范逸臣,Solo / Group,,,,0
1352,雪警樂團,Solo / Group,,,,0
1353,輕鬆玩樂團,Solo / Group,,,,0
1354,馬蹄幫樂團,Solo / Group,,,,0
1355,楊乃文+Crispy脆樂團,Solo / Group,,,,0
1356,輕日記樂團,Solo / Group,,,,0
1357,陳威全+TRANSITION 樂團,Solo / Group,,,,0
1358,Nightcap 睡帽樂團,Solo / Group,,,,0
1359,海洋樂團,Solo / Group,,,,0
1360,馬克白樂團,Solo / Group,,,,0
1361,康姆士樂團,Solo / Group,,,,0
1362,雷樂隊,Solo / Group,,,,0
1363,新寶島康樂隊+趙詠華,Solo / Group,,,,0
1364,老王樂隊,Solo / Group,,,,0
1365,亥兒樂隊,Solo / Group,,,,0
1366,H.M.G樂隊,Solo / Group,,,,0
1367,幻眼樂隊,Solo / Group,,,,0
1368,青蛙樂隊,Solo / Group,,,,0
1369,白目樂隊,Solo / Group,,,,0
1370,砰砰樂隊,Solo / Group,,,,0
1371,梅林組合,Solo / Group,,,,0
1372,劉媛媛+阿里郎組合,Solo / Group,,,,0
1373,天喜果組合,Solo / Group,,,,0
1374,不靠譜組合,Solo / Group,,,,0
1375,小蓓蕾組合,Solo / Group,,,,0
1376,1983 組合,Solo / Group,,,,0
1377,南北組合,Solo / Group,,,,0
1378,黑駿馬組合,Solo / Group,,,,0
1379,NoKey Band,Solo / Group,,,,0
1380,粗大 Band+伍悅,Solo / Group,,,,0
1381,陳奕迅+The duo band,Solo / Group,,,,0
1382,聖女天團,Solo / Group,,,,0
1383,V笑天團,Solo / Group,,,,0
1384,萌萌噠天團,Solo / Group,,,,0
1385,光良+曹格,Solo / Group,,,,0
1386,LC+草屯囝仔,Solo / Group,,,,0
1387,許富凱,Solo / Group,,,,0
1388,動力火車+玖壹壹,Solo / Group,,,,0
1389,王大毛,Solo / Group,,,,0
1390,追風少年,Solo / Group,,,,0
1391,Lisa,Solo / Group,,,,0
1392,馬客,Solo / Group,,,,0
1393,秦楊,Solo / Group,,,,0
1394,蔡秋鳳+拍謝少年+孫一軒+寂寞法蘭,Solo / Group,,,,0
1395,少年隊,Solo / Group,,,,0
1396,吳奇隆,Solo / Group,,,,0
1397,安兒陳,Solo / Group,,,,0
1398,猛虎巧克力,Solo / Group,,,,0
1399,DJ MR.GIN,Solo / Group,,,,0
1400,黃克林,Solo / Group,,,,0
1401,蒙面哥,Solo / Group,,,,0
1402,關正傑,Solo / Group,,,,0
1403,林強,Solo / Group,,,,0
1404,童可可+宋孟君,Solo / Group,,,,0
1405,阿跨面,Solo / Group,,,,0
1406,謝雷+阿滿師,Solo / Group,,,,0
1407,煙嗓船長,Solo / Group,,,,0
1408,楊丞琳,Solo / Group,,,,0
1409,我是機車少女,Solo / Group,,,,0
1410,蜜蜂少女隊,Solo / Group,,,,0
1411,中森明菜,Solo / Group,,,,0
1412,紅豆少女組,Solo / Group,,,,0
1413,早安少女組,Solo / Group,,,,0
1414,蔣榮宗,Solo / Group,,,,0
1415,趙芷彤,Solo / Group,,,,0
1416,馮提莫,Solo / Group,,,,0
1417,吳青峰+小野麗莎,Solo / Group,,,,1
1418,冰淇淋少女組,Solo / Group,,,,0
1419,丁文琪,Solo / Group,,,,0
1420,城市少女,Solo / Group,,,,0
1421,Asos,Solo / Group,,,,0
1422,SING女團,Solo / Group,,,,0
1423,放浪兄弟,Solo / Group,,,,0
1424,江志豐+壯碩男,Solo / Group,,,,0
1425,劉德華+陳奕迅,Solo / Group,,,,0
1426,楊坤,Solo / Group,,,,0
1427,羅敏莊,Solo / Group,,,,0
1428,黃閱,Solo / Group,,,,0
1429,宋逸民+宋達民,Solo / Group,,,,0
1430,摩登兄弟劉宇寧,Solo / Group,,,,0
1431,袁詠琳+浪花兄弟,Solo / Group,,,,0
1432,筷子兄弟,Solo / Group,,,,0
1433,黃氏兄弟,Solo / Group,,,,0
1434,黃品源+黃品潔,Solo / Group,,,,0
1435,鳥羽一郎,Solo / Group,,,,0
1436,姜玉陽+戴春磊+劉強,Solo / Group,,,,0
1437,固定客,Solo / Group,,,,0
1438,梅東生,Solo / Group,,,,0
1439,林吟蔚+李吳兄弟,Solo / Group,,,,0
1440,大賀兄弟,Solo / Group,,,,0
1441,兄弟匯,Solo / Group,,,,0
1442,草爺,Solo / Group,,,,0
1443,謝雷+電台陳雷,Solo / Group,,,,0
1444,星爺,Solo / Group,,,,0
1445,方順吉+吳欣達,Solo / Group,,,,0
1446,戴愛玲+黃妃,Solo / Group,,,,0
1447,方怡萍+戴梅君,Solo / Group,,,,0
1448,蔡琴,Solo / Group,,,,0
1449,蒲庭龍+辦桌二人組,Solo / Group,,,,0
1450,劉依純+辦桌二人組,Solo / Group,,,,0
1451,辦桌二人組+蔡秋鳳,Solo / Group,,,,0
1452,辦桌二人組+李炳輝,Solo / Group,,,,0
1453,翼星家族,Solo / Group,,,,0
1454,紳士合唱團,Solo / Group,,,,0
1455,全國高中生大合唱,Solo / Group,,,,0
1456,Happy 543合唱團,Solo / Group,,,,0
1457,友愛合唱團,Solo / Group,,,,0
1458,陳零九 & 邱鋒澤 Feng Ze,Indie / Global,,,,0
1459,JC 陳詠桐,Indie / Global,,,,0
1460,陳嫺靜,Indie / Global,,,,0
1461,李杰明 & 陳忻玥,Indie / Global,,,,0
1462,陳奕迅 & 王菲,Indie / Global,,,,0
1463,小潘潘 & 小峯峯(陳峯),Indie / Global,,,,0
1464,陳雪凝,Indie / Global,,,,0
1465,黃明志 & 陳芳語,Indie / Global,,,,0
1466,陳零九,Indie / Global,,,,0
1467,陳勢安 & 畢書盡,Indie / Global,,,,0
1468,林芯儀,Indie / Global,,,,0
1469,JOLIN蔡依林,Indie / Global,,,,0
1470,R3HAB & JOLIN蔡依林,Indie / Global,,,,0
1471,Luis Fonsi,Indie / Global,,,,0
1472,阿肆 & 林宥嘉,Indie / Global,,,,0
1473,紀露霞,Solo / Group,,,,0
1474,劉燕燕,Solo / Group,,,,0
1475,古慧慧,Solo / Group,,,,0
1476,王紹博,Solo / Group,,,,0
1477,亞旺,Solo / Group,,,,0
1478,施韋瑄+施福珍,Solo / Group,,,,0
1479,美空ひばり,Solo / Group,,,,0
1480,游振雄,Solo / Group,,,,0
1481,天愛合唱團,Solo / Group,,,,0
1482,張振華,Solo / Group,,,,0
1483,連敏旭,Solo / Group,,,,0
1484,沒離開過,Solo / Group,,,,0
1485,青山,Solo / Group,,,,0
1486,張琍敏,Solo / Group,,,,0
1487,許飛,Solo / Group,,,,0
1488,馬蕊,Solo / Group,,,,0
1489,林風,Solo / Group,,,,0
1490,穆姝丹,Solo / Group,,,,0
1491,陳芬蘭,Solo / Group,,,,0
1492,甄秀珍,Solo / Group,,,,0
1493,伍佰+China Blue,Solo / Group,,,,18
1494,紫薇,Solo / Group,,,,0
1495,銀霞,Solo / Group,,,,0
1496,江美琪,Solo / Group,,,,0
1497,黃奇斌,Indie / Global,,,,0
1498,卓文萱 & 黃鴻升,Indie / Global,,,,0
1499,蔡豫,Indie / Global,,,,0
1500,黃霄雲,Indie / Global,,,,0
1501,黃挺瑋,Indie / Global,,,,0
1502,"黃鴻升, 柯有倫 & 竇智孔",Indie / Global,,,,0
1503,YELLOW黃宣 & 9m88,Indie / Global,,,,0
1504,黃明志 & 鄧紫棋,Indie / Global,,,,0
1505,黃美珍,Indie / Global,,,,0
1506,范宗沛 & 黃雅詩,Indie / Global,,,,0
1507,YELLOW黃宣,Indie / Global,,,,0
1508,黃雅詩 & 范宗沛,Indie / Global,,,,0
1509,謝欣芷 & 黃靜雅,Indie / Global,,,,0
1510,翁立友 & 黃思婷,Indie / Global,,,,0
1511,黃玠瑋 & 吳青峰,Indie / Global,,,,0
1512,黃慧音,Indie / Global,,,,0
1513,四堅情WOLF (邱鋒澤、陳零九、黃偉晉、賴晏駒),Indie / Global,,,,0
1514,邱鋒澤 Feng Ze & 黃偉晉,Indie / Global,,,,0
1515,蛋堡 & 黃玠,Indie / Global,,,,0
1516,蔡黃汝,Indie / Global,,,,0
1517,李素專,Solo / Group,,,,0
1518,洪安妮,Solo / Group,,,,0
1519,張秀卿+柯俊傑,Solo / Group,,,,0
1520,張良,Solo / Group,,,,0
1521,王萊,Solo / Group,,,,0
1522,陳雙,Solo / Group,,,,0
1523,晨光,Solo / Group,,,,0
1524,石喬+石琇惠,Solo / Group,,,,0
1525,黃燦,Solo / Group,,,,0
1526,張燕清+陳淑萍,Solo / Group,,,,0
1527,羅一良,Solo / Group,,,,0
1528,黃三元,Solo / Group,,,,0
1529,蘇錦煌,Solo / Group,,,,0
1530,蔡啟東,Solo / Group,,,,0
1531,健安,Solo / Group,,,,0
1532,王孟麗,Solo / Group,,,,0
1533,陳蘭麗,Solo / Group,,,,0
1534,文夏,Solo / Group,,,,0
1535,唐飛,Solo / Group,,,,0
1536,林英美,Solo / Group,,,,0
1537,楊黎蘇,Solo / Group,,,,0
1538,王芷蕾,Solo / Group,,,,0
1539,玉如,Solo / Group,,,,0
1540,于櫻櫻,Solo / Group,,,,0
1541,Uu,Solo / Group,,,,0
1542,周傳雄+陸虎,Solo / Group,,,,0
1543,李飄飄,Solo / Group,,,,0
1544,王蓉,Solo / Group,,,,0
1545,CT GIRLS,Solo / Group,,,,0
1546,余潤澤,Solo / Group,,,,0
1547,中央樂團,Solo / Group,,,,0
1548,徐小鳳,Solo / Group,,,,0
1549,涂敏恆,Solo / Group,,,,0
1550,閃靈樂團,Solo / Group,,,,0
1551,謝雷,Solo / Group,,,,0
1552,張遠,Indie / Global,,,,0
1553,張紫豪,Indie / Global,,,,0
1554,張妙格,Indie / Global,,,,0
1555,潘瑋柏 & 張韶涵,Indie / Global,,,,0
1556,青鳥飛魚,Solo / Group,,,,0
1557,董育君,Solo / Group,,,,0
1558,李壽全,Solo / Group,,,,0
1559,劉劭希,Solo / Group,,,,0
1560,徐芷頎,Solo / Group,,,,0
1561,彭兆宏,Solo / Group,,,,0
1562,周雅芳,Solo / Group,,,,0
1563,林添一,Solo / Group,,,,0
1564,李宛書,Solo / Group,,,,0
1565,莊長明,Solo / Group,,,,0
1566,郎軍,Solo / Group,,,,0
1567,石喬,Solo / Group,,,,0
1568,川中美幸+吉幾三,Solo / Group,,,,0
1569,葉振棠,Solo / Group,,,,0
1570,天孿兄弟,Solo / Group,,,,0
1571,張星唯,Solo / Group,,,,0
1572,李麗芬,Indie / Global,,,,0
1573,李佳薇,Indie / Global,,,,0
1574,李宗盛,Indie / Global,,,,0
1575,李泳知,Indie / Global,,,,0
1576,李友廷,Indie / Global,,,,0
1577,TIA LEE 李毓芬,Indie / Global,,,,0
1578,BSS,Indie / Global,,,,0
1579,李芷婷,Indie / Global,,,,0
1580,李遐怡,Indie / Global,,,,0
1581,李炎欣,Solo / Group,,,,0
1582,廖偉志,Solo / Group,,,,0
1583,唐銘良,Solo / Group,,,,0
1584,徐譽滕,Solo / Group,,,,0
1585,林靜莉,Solo / Group,,,,0
1586,王樾安,Indie / Global,,,,0
1587,王貳浪,Indie / Global,,,,0
1588,王大文,Indie / Global,,,,0
1589,蘇星婕 & 王忻辰,Indie / Global,,,,0
1590,王藍茵,Indie / Global,,,,0
1591,9m88,Indie / Global,,,,0
1592,王俊凱 & JOLIN蔡依林,Indie / Global,,,,0
1593,王以太,Indie / Global,,,,0
1594,王以太 & 劉至佳,Indie / Global,,,,0
1595,王唯樂,Indie / Global,,,,0
1596,群星,Solo / Group,,,,0
1597,薛之謙+張靚穎,Solo / Group,,,,2
1598,林俊吉,Solo / Group,,,,0
1599,陳雪燃,Solo / Group,,,,0
1600,富博洋+莊心妍,Solo / Group,,,,0
1601,Asiaboy 禁藥王,Solo / Group,,,,0
1602,王宏恩,Solo / Group,,,,0
1603,賈乃亮+甜馨,Solo / Group,,,,0
1604,謝和弦+高爾宣+李杰明,Solo / Group,,,,0
1605,村田英雄,Solo / Group,,,,0
1606,白雲合唱團,Solo / Group,,,,0
1607,左政,Solo / Group,,,,0
1608,小木馬合唱團,Solo / Group,,,,0
1609,廖偉志+余秀娟,Solo / Group,,,,0
1610,阿錡+程安,Solo / Group,,,,0
1611,李沛綾,Solo / Group,,,,0
1612,五月天+孫燕姿,Solo / Group,,,,0
1613,越頭看,Solo / Group,,,,0
1614,劉福助,Solo / Group,,,,0
1615,章小軍,Solo / Group,,,,0
1616,尚雯婕,Solo / Group,,,,0
1617,葉復台,Solo / Group,,,,0
1618,汪洪萍,Solo / Group,,,,0
1619,邱蘭芬,Solo / Group,,,,0
1620,絲襪小姐,Solo / Group,,,,0
1621,袁惟仁,Solo / Group,,,,0
1622,吳申梅,Indie / Global,,,,0
1623,"林正, 鄭宇伶 & 吳順涵",Indie / Global,,,,0
1624,吳卓源,Indie / Global,,,,0
1625,"李友廷, 吳霏 & 楊碧琪",Indie / Global,,,,0
1626,吳卓源 & 婁峻碩,Indie / Global,,,,0
1627,"周杰倫, 言承旭, 吳建豪, 周渝民 & 五月天 阿信",Indie / Global,,,,0
1628,邱鋒澤 Feng Ze,Indie / Global,,,,0
1629,吳亦凡,Indie / Global,,,,0
1630,劉至佳 & 韓瞳,Indie / Global,,,,0
1631,劉力揚,Indie / Global,,,,0
1632,劉明湘,Indie / Global,,,,0
1633,劉人語,Indie / Global,,,,0
1634,攬佬SKAI ISYOURGOD & AR劉夫陽,Indie / Global,,,,0
1635,劉大壯,Indie / Global,,,,0
1636,劉憲華,Indie / Global,,,,0
1637,"盛宇, 劉聰 & ICE楊長青",Indie / Global,,,,0
1638,劉思涵,Indie / Global,,,,0
1639,"K/DA, Madison Beer & i-dle",Indie / Global,,,,0
1640,劉兆宇 & 阿YueYue,Indie / Global,,,,0
1641,h3R3 劉清雲,Indie / Global,,,,0
1642,Yu Jae Seok & EXO,Indie / Global,,,,0
1643,Corki刘宗鑫,Indie / Global,,,,0
1644,劉瑞琦,Indie / Global,,,,0
1645,Aioz & 劉思达,Indie / Global,,,,0
1646,劉柏辛Lexie,Indie / Global,,,,0
1647,劉畊宏,Indie / Global,,,,0
1648,劉聰 & Kafe.Hu,Indie / Global,,,,0
1649,"盛宇, VAVA, 劉聰 & 万妮達",Indie / Global,,,,0
1650,劉芷融,Indie / Global,,,,0
1651,新地+盧克,Solo / Group,,,,0
1652,蔡恩雨 Priscilla Abby,Indie / Global,,,,0
1653,孫燕姿 & 蔡健雅,Indie / Global,,,,0
1654,陳星翰,Indie / Global,,,,0
1655,蔡義德,Solo / Group,,,,0
1656,楊世暄,Indie / Global,,,,0
1657,楊凱琳,Indie / Global,,,,0
1658,楊宗緯,Indie / Global,,,,1
1659,永彬Ryan.B & AY杨佬叁,Indie / Global,,,,0
1660,楊博然,Indie / Global,,,,0
1661,士心,Solo / Group,,,,0
1662,洪小喬,Solo / Group,,,,0
1663,龐龍,Solo / Group,,,,0
1664,閻維文,Solo / Group,,,,0
1665,金波,Solo / Group,,,,0
1666,許嵩,Indie / Global,,,,0
1667,許光漢,Indie / Global,,,,0
1668,許維芳 & 謝嘉全,Indie / Global,,,,0
1669,單依純,Indie / Global,,,,0
1670,周興哲,Indie / Global,,,,0
1671,蘇星婕 & 一隻白羊,Indie / Global,,,,0
1672,許惠鈞,Indie / Global,,,,0
1673,4s4ki,Indie / Global,,,,0
1674,"鄭中基, 張學友 & 許志安",Indie / Global,,,,0
1675,許莉潔 & 安懂,Indie / Global,,,,0
1676,莫文蔚+MC HotDog,Solo / Group,,,,0
1677,霓虹花園,Solo / Group,,,,0
1678,四個朋友-蘭馨,Solo / Group,,,,0
1679,趙默,Solo / Group,,,,0
1680,任健耀,Solo / Group,,,,0
1681,黃秀美,Solo / Group,,,,0
1682,古巨基+梁詠琪,Solo / Group,,,,0
1683,呂方,Solo / Group,,,,0
1684,張鎬哲,Solo / Group,,,,0
1685,劉曉超,Solo / Group,,,,0
1686,王鍵,Solo / Group,,,,0
1687,基地小虎,Solo / Group,,,,0
1688,陳淑樺,Solo / Group,,,,0
1689,李睽,Solo / Group,,,,0
1690,鍾鎮濤+章蓉舫,Solo / Group,,,,0
1691,李曉兵,Solo / Group,,,,0
1692,丁于,Solo / Group,,,,0
1693,合唱,Solo / Group,,,,0
1694,孫豪,Solo / Group,,,,0
1695,マルシア,Solo / Group,,,,0
1696,林慧萍,Solo / Group,,,,0
1697,Linda,Solo / Group,,,,0
1698,鄧福如+黃磊,Solo / Group,,,,0
1699,冰鑫,Solo / Group,,,,0
1700,歡子,Solo / Group,,,,0
1701,美黛,Solo / Group,,,,0
1702,袁成杰+戚薇,Solo / Group,,,,0
1703,鄭潤澤,Indie / Global,,,,0
1704,鄭中基 & 陳慧琳,Indie / Global,,,,0
1705,張學友 & 鄭中基,Indie / Global,,,,0
1706,鄭興,Indie / Global,,,,0
1707,鄭茵聲,Indie / Global,,,,0
1708,鄭基高 & SoYou,Indie / Global,,,,0
1709,徐仁國 & 鄭恩地,Indie / Global,,,,0
1710,鄭宜農,Indie / Global,,,,0
1711,ZICO,Indie / Global,,,,0
1712,鄭沐晴,Indie / Global,,,,0
1713,鄭恩地,Indie / Global,,,,0
1714,"陳小春, 鄭伊健, 謝天華 & 林曉峰",Indie / Global,,,,0
1715,鄭智薰 & Jackson Wang,Indie / Global,,,,0
1716,鄭智薰 & J.Y. Park,Indie / Global,,,,0
1717,謝欣芷,Indie / Global,,,,0
1718,拍謝少年,Indie / Global,,,,0
1719,謝宜君 & 陳隨意,Indie / Global,,,,0
1720,李佳芮,Solo / Group,,,,0
1721,劉品言,Solo / Group,,,,0
1722,蔡亞露 Rubie RT+屁孩 Ryan,Solo / Group,,,,0
1723,田娥,Solo / Group,,,,0
1724,Ayo97+阿涵,Solo / Group,,,,0
1725,王銩銩,Solo / Group,,,,0
1726,曾瑋中,Solo / Group,,,,0
1727,南合文鬥+龐龍,Solo / Group,,,,0
1728,呂志國,Solo / Group,,,,0
1729,柳佳妤,Solo / Group,,,,0
1730,謝子淇,Solo / Group,,,,0
1731,鄭淑靜,Solo / Group,,,,0
1732,楊惠絜+楊博智,Solo / Group,,,,0
1733,鄒壽蘭,Solo / Group,,,,0
1734,蔣新蘭,Solo / Group,,,,0
1735,劉玉英,Solo / Group,,,,0
1736,王壹珊,Solo / Group,,,,0
1737,陳慶,Solo / Group,,,,0
1738,彭莉,Solo / Group,,,,0
1739,羅時豐+林姍,Solo / Group,,,,0
1740,蔡茗淇+許峻榮,Solo / Group,,,,0
1741,高品汝,Solo / Group,,,,0
1742,沈志仲,Solo / Group,,,,0
1743,紀露,Solo / Group,,,,0
1744,陳子賢,Solo / Group,,,,0
1745,溫兆倫,Solo / Group,,,,0
1746,李和興,Solo / Group,,,,0
1747,張凱傑,Solo / Group,,,,0
1748,黃麗夏,Solo / Group,,,,0
1749,陳黎明,Solo / Group,,,,0
1750,小辣椒,Solo / Group,,,,0
1751,周一,Solo / Group,,,,0
1752,周育嬋,Solo / Group,,,,0
1753,許峻榮+蔡茗淇,Solo / Group,,,,0
1754,容祖兒,Solo / Group,,,,0
1755,蔡多多+郭忠祐,Solo / Group,,,,0
1756,鄭琇月,Solo / Group,,,,0
1757,薛朋朋+古文豪+左文正,Solo / Group,,,,0
1758,謝和絃,Solo / Group,,,,0
1759,小高哥,Solo / Group,,,,0
1760,馬智宇,Solo / Group,,,,0
1761,冷漠,Solo / Group,,,,0
1762,S.H.E+飛輪海,Solo / Group,,,,0
1763,宇桐非,Solo / Group,,,,0
1764,南合文鬥,Solo / Group,,,,0
1765,劉小慧,Solo / Group,,,,0
1766,陳夏蓮,Solo / Group,,,,0
1767,邱賢桂,Solo / Group,,,,0
1768,花園精靈,Solo / Group,,,,0
1769,雷諾兒,Solo / Group,,,,0
1770,翁立友,Solo / Group,,,,0
1771,袁小迪+喬幼,Solo / Group,,,,0
1772,S+H+E+飛輪海,Solo / Group,,,,0
1773,鄭進一,Solo / Group,,,,0
1774,郭頂,Indie / Global,,,,0
1775,郭家瑋 & DIOR 大穎,Indie / Global,,,,0
1776,郭美美Jocie,Indie / Global,,,,0
1777,郭家瑋,Indie / Global,,,,0
1778,維京格・歐拉夫森,Indie / Global,,,,0
1779,郭明龍,Indie / Global,,,,0
1780,郭一凡,Indie / Global,,,,0
1781,格倫・顧爾德,Indie / Global,,,,0
1782,王OK & 洪佩瑜,Indie / Global,,,,0
1783,張洪量 & 莫文蔚,Indie / Global,,,,0
1784,莫文蔚 & 張洪量,Indie / Global,,,,0
1785,柯智棠,Indie / Global,,,,0
1786,洪大光,Indie / Global,,,,0
1787,李洪基 & Yoo Hwe Seung,Indie / Global,,,,0
1788,張洪量,Indie / Global,,,,0
1789,洪暐哲WAJI,Indie / Global,,,,0
1790,李洪基,Indie / Global,,,,0
1791,LINION,Indie / Global,,,,0
1792,曾沛慈,Indie / Global,,,,0
1793,阿涵 & Ayo97,Indie / Global,,,,0
1794,王佳楊,Indie / Global,,,,0
1795,睡眠寶寶貴族音樂,Indie / Global,,,,0
1796,曾沛慈 & 東城衞,Indie / Global,,,,0
1797,滅火器,Indie / Global,,,,0
1798,孟維來,Indie / Global,,,,0
1799,葉斯淳,Indie / Global,,,,0
1800,Ayo97 & 阿涵,Indie / Global,,,,0
1801,曾之喬,Indie / Global,,,,0
1802,康士坦的變化球,Indie / Global,,,,0
1803,曾靜玟,Indie / Global,,,,0
1804,曾昱嘉,Indie / Global,,,,0
1805,VH (Vast & Hazy) & 持修,Indie / Global,,,,0
1806,李耀陽,Indie / Global,,,,0
1807,馮陳思楠+錢雨童,Solo / Group,,,,0
1808,蘇效音,Solo / Group,,,,0
1809,張遠+陸虎,Solo / Group,,,,0
1810,潘嘉怡,Solo / Group,,,,0
1811,葉筱萱,Solo / Group,,,,0
1812,糖七七,Solo / Group,,,,0
1813,楊寶貝,Solo / Group,,,,0
1814,高安+郭玲,Solo / Group,,,,0
1815,張冬玲,Solo / Group,,,,0
1816,好多倩,Solo / Group,,,,0
1817,謎路人,Solo / Group,,,,0
1818,陳布朗,Solo / Group,,,,0
1819,胡彥斌+李巍V仔,Solo / Group,,,,0
1820,詩雨,Solo / Group,,,,0
1821,原田悠里,Solo / Group,,,,0
1822,橋幸夫,Solo / Group,,,,0
1823,石衛,Solo / Group,,,,0
1824,潘美辰,Solo / Group,,,,0
1825,李易峰,Solo / Group,,,,0
1826,胡泉雄,Solo / Group,,,,0
1827,潘越雲,Solo / Group,,,,0
1828,林蒙,Solo / Group,,,,0
1829,魏嘉瑩+琳誼,Solo / Group,,,,0
1830,張學友+何如惠,Solo / Group,,,,0
1831,成鳳,Solo / Group,,,,0
1832,李菓,Solo / Group,,,,0
1833,李琳,Solo / Group,,,,0
1834,李明翰,Solo / Group,,,,0
1835,金智娟,Solo / Group,,,,0
1836,劉鈺華+林漢陽,Solo / Group,,,,0
1837,麥德羅,Solo / Group,,,,0
1838,白小白,Solo / Group,,,,0
1839,馬浚偉,Solo / Group,,,,0
1840,蔣志光,Solo / Group,,,,0
1841,南西肯恩,Solo / Group,,,,0
1842,陳雅森,Solo / Group,,,,0
1843,譚詠麟+李克勤,Solo / Group,,,,0
1844,王錚亮,Solo / Group,,,,0
1845,鄭源,Solo / Group,,,,0
1846,冷顯達,Solo / Group,,,,0
1847,蔣志光+韋綺珊,Solo / Group,,,,0
1848,衛蘭,Solo / Group,,,,0
1849,齊秦+王雪娥,Solo / Group,,,,0
1850,韓小欠,Solo / Group,,,,0
1851,邱振哲,Indie / Global,,,,0
1852,邱軍,Indie / Global,,,,0
1853,文慧如,Indie / Global,,,,0
1854,邱鋒澤 Feng Ze & 艾薇,Indie / Global,,,,0
1855,邱鋒澤 Feng Ze & 采子,Indie / Global,,,,0
1856,邱鋒澤 Feng Ze & 陳零九,Indie / Global,,,,0
1857,邱勝翊,Indie / Global,,,,0
1858,廖士賢,Indie / Global,,,,0
1859,廖俊濤,Indie / Global,,,,0
1860,廖柏雅,Indie / Global,,,,0
1861,郑雅文 & 廖羚君,Indie / Global,,,,0
1862,廖柏雅 & ERIKA,Indie / Global,,,,0
1863,廖柏雅 & 王品怡,Indie / Global,,,,0
1864,廖文強,Indie / Global,,,,0
1865,IVAN 艾文,Indie / Global,,,,0
1866,廖野天,Indie / Global,,,,0
1867,廖文強與壞神經樂團 & 廖文強,Indie / Global,,,,0
1868,王品怡 & 廖柏雅,Indie / Global,,,,0
1869,"廖國敏, 安妮 · 奎芙蕾克 & 巴黎室內管弦樂團",Indie / Global,,,,0
1870,"廖欣彤, 苗其瑋 & 吳妤儒",Indie / Global,,,,0
1871,褚治軒,Indie / Global,,,,0
1872,廖晶,Indie / Global,,,,0
1873,廖婉君,Indie / Global,,,,0
1874,廖婉君 & 楊哲,Indie / Global,,,,0
1875,廖允杰,Indie / Global,,,,0
1876,鍾易軒 & 廖俊濤,Indie / Global,,,,0
1877,王子慧 & 廖俊濤,Indie / Global,,,,0
1878,廖珏妮,Indie / Global,,,,0
1879,胡66,Indie / Global,,,,0
1880,Morris賴仔,Indie / Global,,,,0
1881,賴慈泓,Indie / Global,,,,0
1882,賴銘偉,Indie / Global,,,,0
1883,雷恩·葛斯林 & 艾瑪·史東,Indie / Global,,,,0
1884,雷恩·葛斯林,Indie / Global,,,,0
1885,賴美雲,Indie / Global,,,,0
1886,賴晏駒 小賴,Indie / Global,,,,0
1887,DIOR 大穎,Indie / Global,,,,0
1888,賴仔,Indie / Global,,,,0
1889,邱鋒澤 Feng Ze & 賴晏駒 小賴,Indie / Global,,,,0
1890,賴芊予,Indie / Global,,,,0
1891,馬念先 & 9m88,Indie / Global,,,,0
1892,鄭智鋒,Solo / Group,,,,0
1893,解語花,Solo / Group,,,,0
1894,琳娜,Solo / Group,,,,0
1895,歐禮全,Solo / Group,,,,0
1896,鄭日清,Solo / Group,,,,0
1897,夏天Alex,Solo / Group,,,,0
1898,祁隆+李舒彤,Solo / Group,,,,0
1899,趙又廷+COLORBAND,Solo / Group,,,,0
1900,狄鶯,Solo / Group,,,,0
1901,趙又廷+COLOR BAND,Solo / Group,,,,0
1902,趙又廷+COLOR_BAND,Solo / Group,,,,0
1903,周杰倫 & 五月天 阿信,Indie / Global,,,,0
1904,Not yet,Solo / Group,,,,0
1905,重音テト & Erle Ås,Indie / Global,,,,0
1906,紓壓博士,Indie / Global,,,,0
1907,葉雨岑,Indie / Global,,,,0
1908,張葉蕾,Indie / Global,,,,0
1909,朱主愛,Indie / Global,,,,0
1910,葉炫清 & 張遠,Indie / Global,,,,0
1911,RADWIMPS,Indie / Global,,,,0
1912,秦基博,Indie / Global,,,,0
1913,葉里 & 伊格賽聽,Indie / Global,,,,0
1914,"胡期皓, 葉瓊琳 & 董唧唧",Indie / Global,,,,0
1915,胡彥斌 & 葉炫清,Indie / Global,,,,0
1916,蓋布莉葉拉・蒙泰羅,Indie / Global,,,,0
1917,餘昭源 & 葉里,Indie / Global,,,,0
1918,隊長 & 葉瓊琳,Indie / Global,,,,0
1919,佐夢圓 & 葉雨岑,Indie / Global,,,,0
1920,Tani Yuuki,Indie / Global,,,,0
1921,愛繆,Indie / Global,,,,0
1922,Bunnyi_11,Solo / Group,,,,0
1923,林琇琪,Solo / Group,,,,0
1924,戴梅君,Solo / Group,,,,0
1925,葉雲安+黃暄媗,Solo / Group,,,,0
1926,張維祐,Solo / Group,,,,0
1927,上明,Solo / Group,,,,0
1928,鄔兆邦+董育君,Solo / Group,,,,0
1929,蔡姍燕,Solo / Group,,,,0
1930,卓依婷,Solo / Group,,,,0
1931,吳艾媄,Solo / Group,,,,0
1932,蘇錦煌+林鈺茹,Solo / Group,,,,0
1933,桂銀淑,Solo / Group,,,,0
1934,羅富木,Solo / Group,,,,0
1935,細川たかし,Solo / Group,,,,0
1936,姚蘇蓉,Solo / Group,,,,0
1937,松平晃・伏見信子,Solo / Group,,,,0
1938,三浦洸一,Solo / Group,,,,0
1939,林郁芳,Solo / Group,,,,0
1940,玉蓉,Solo / Group,,,,0
1941,泰岩,Solo / Group,,,,0
1942,洪弟七+尤美,Solo / Group,,,,0
1943,劉家昌,Solo / Group,,,,0
1944,張蓉蓉,Solo / Group,,,,0
1945,吳琇麗,Solo / Group,,,,0
1946,揚哲+江慧儀,Solo / Group,,,,0
1947,汪蘇瀧 & 趙露思,Indie / Global,,,,0
1948,汪蘇瀧 & By2,Indie / Global,,,,0
1949,汪蘇瀧 & 單依純,Indie / Global,,,,0
1950,蘇星婕,Indie / Global,,,,0
1951,汪蘇瀧 & 張碧晨,Indie / Global,,,,0
1952,提琴雙傑,Indie / Global,,,,0
1953,楊和蘇KeyNG,Indie / Global,,,,0
1954,蘇宥蓉,Indie / Global,,,,0
1955,"In K, 蘇星婕 & 王忻辰",Indie / Global,,,,0
1956,霧島  昇+渡辺はま子,Solo / Group,,,,0
1957,懸掛收音機,Solo / Group,,,,0
1958,二手玫瑰,Solo / Group,,,,0
1959,邱玉春,Solo / Group,,,,0
1960,林世芳,Solo / Group,,,,0
1961,葉佳修,Solo / Group,,,,0
1962,周璇,Solo / Group,,,,0
1963,二手玫瑰樂隊,Solo / Group,,,,0
1964,霧島昇+渡边はま子,Solo / Group,,,,0
1965,渡邊はま子+霧島昇,Solo / Group,,,,0
1966,渡辺はま子,Solo / Group,,,,0
1967,小球 (莊鵑瑛),Indie / Global,,,,0
1968,芒果醬,Indie / Global,,,,0
1969,Alessia Cara,Indie / Global,,,,0
1970,Auli'i Cravalho,Indie / Global,,,,0
1971,巨石·強森,Indie / Global,,,,0
1972,Opetaia Foa'i & 林・曼努爾・米蘭達,Indie / Global,,,,0
1973,莊凌芸,Indie / Global,,,,0
1974,張秀卿 & 莊振凱,Indie / Global,,,,0
1975,莊淇玟29,Indie / Global,,,,0
1976,傑梅奈克萊門特,Indie / Global,,,,0
1977,"陳昊宇, 莊達菲, 周彥辰, 郭欣禹 & 王漪淼",Indie / Global,,,,0
1978,楊靜 & 莊振凱,Indie / Global,,,,0
1979,凌一惠,Solo / Group,,,,0
1980,蔡佳育+楊嘉圓等,Solo / Group,,,,0
1981,林財寶,Solo / Group,,,,0
1982,溫金龍,Solo / Group,,,,0
1983,林展逸,Solo / Group,,,,0
1984,林展逸+楊咩咩,Solo / Group,,,,0
1985,林辰陽,Solo / Group,,,,0
1986,陳小雲,Solo / Group,,,,0
1987,溫瑞鴛,Solo / Group,,,,0
1988,黃西田,Solo / Group,,,,0
1989,玖壹壹+LuLu,Solo / Group,,,,0
1990,江蕙 & 阿杜,Indie / Global,,,,0
1991,江語晨,Indie / Global,,,,0
1992,王建傑 & 江蕙,Indie / Global,,,,0
1993,江蕙 & 江淑娜,Indie / Global,,,,0
1994,江靜,Indie / Global,,,,0
1995,江蕙 & 施文彬,Indie / Global,,,,0
1996,歐巴尚青,Solo / Group,,,,0
1997,兒歌,Solo / Group,,,,0
1998,姜鵬,Solo / Group,,,,0
1999,東方神話,Solo / Group,,,,0
2000,要不要買菜,Solo / Group,,,,0
2001,斯琴格日樂,Solo / Group,,,,0
2002,汪蘇瀧+周延,Solo / Group,,,,0
2003,楊洪基,Solo / Group,,,,0
2004,徐珮琪,Solo / Group,,,,0
2005,羅筱雲,Solo / Group,,,,0
2006,蕭佩茹,Solo / Group,,,,0
2007,聞人聽書,Solo / Group,,,,0
2008,鐘家華,Solo / Group,,,,0
2009,陶鈺玉,Solo / Group,,,,0
2010,阿涵,Solo / Group,,,,0
2011,音羽しのぶ,Solo / Group,,,,0
2012,楊樹人,Solo / Group,,,,0
2013,小沈陽,Solo / Group,,,,0
2014,林一第,Solo / Group,,,,0
2015,空想之喵,Solo / Group,,,,0
2016,鄭君威,Solo / Group,,,,0
2017,羅維,Solo / Group,,,,0
2018,山本讓二,Solo / Group,,,,0
2019,Sadiya,Solo / Group,,,,0
2020,代小波+顧曉宇,Solo / Group,,,,0
2021,沈殿霞,Solo / Group,,,,0
2022,周厚光,Solo / Group,,,,0
2023,高勝美,Solo / Group,,,,0
2024,長山洋子,Solo / Group,,,,0
2025,謝順福,Solo / Group,,,,0
2026,王秋實,Solo / Group,,,,0
2027,曲肖冰,Solo / Group,,,,0
2028,鍾心,Solo / Group,,,,0
2029,崔來賓,Solo / Group,,,,0
2030,鄭源+儲蘭蘭,Solo / Group,,,,0
2031,吳鶯音,Solo / Group,,,,0
2032,劉維維,Solo / Group,,,,0
2033,許冠傑,Solo / Group,,,,0
2034,J.Sheon,Indie / Global,,,,0
2035,TANK 呂建忠,Indie / Global,,,,0
2036,鼓鼓 呂思緯,Indie / Global,,,,0
2037,呂口口,Indie / Global,,,,0
2038,呂允,Indie / Global,,,,0
2039,GX (鼓鼓 呂思緯、蕭秉治),Indie / Global,,,,0
2040,陳華 & LCY呂植宇,Indie / Global,,,,0
2041,陳嘉樺,Indie / Global,,,,0
2042,YUKA,Indie / Global,,,,0
2043,何真真,Indie / Global,,,,0
2044,何維健,Indie / Global,,,,0
2045,藤井風,Indie / Global,,,,0
2046,Yumi Kimura,Indie / Global,,,,0
2047,久石讓,Indie / Global,,,,0
2048,Relaxing Piano & 広橋真紀子,Indie / Global,,,,0
2049,オルゴールの世界,Indie / Global,,,,0
2050,何維健 & 潘嘉麗,Indie / Global,,,,0
2051,Joe Hisaishi,Indie / Global,,,,0
2052,Lara梁心頤,Indie / Global,,,,0
2053,Lancelot,Indie / Global,,,,0
2054,Relaxing Orgel,Indie / Global,,,,0
2055,任然,Indie / Global,,,,0
2056,何瑞康,Indie / Global,,,,0
2057,何夏,Indie / Global,,,,0
2058,ZQS,Indie / Global,,,,0
2059,娃娃,Indie / Global,,,,0
2060,Hikaru Utada,Indie / Global,,,,0
2061,何仟仟,Indie / Global,,,,0
2062,陳華,Indie / Global,,,,0
2063,何深彰,Indie / Global,,,,0
2064,DJ何鵬 & 張北北,Indie / Global,,,,0
2065,何潤東,Indie / Global,,,,0
2066,張若凡,Solo / Group,,,,0
2067,陳冠蒨,Solo / Group,,,,0
2068,大胖+陳思函,Solo / Group,,,,0
2069,小柯,Solo / Group,,,,0
2070,天陌,Solo / Group,,,,0
2071,Hello Nico,Solo / Group,,,,0
2072,前男友+語墨YOMI+嘿人李逵NOISEMAKERS,Solo / Group,,,,0
2073,溜溜蛋,Solo / Group,,,,0
2074,任夏,Solo / Group,,,,0
2075,安靜,Solo / Group,,,,0
2076,陳琛,Solo / Group,,,,0
2077,ycccc,Solo / Group,,,,0
2078,趙柳芝,Solo / Group,,,,0
2079,林美,Solo / Group,,,,0
2080,劉秀喡,Solo / Group,,,,0
2081,小凌,Solo / Group,,,,0
2082,林喬安,Solo / Group,,,,0
2083,談詩玲,Solo / Group,,,,0
2084,高慧美,Solo / Group,,,,0
2085,林淑容,Solo / Group,,,,0
2086,崔苔菁,Solo / Group,,,,0
2087,包娜娜,Solo / Group,,,,0
2088,張寶玉,Solo / Group,,,,0
2089,茄子蛋+家家,Solo / Group,,,,1
2090,易欣,Solo / Group,,,,0
2091,劉盼,Solo / Group,,,,0
2092,陳中,Solo / Group,,,,0
2093,葉勝欽,Solo / Group,,,,0
2094,木村弓,Solo / Group,,,,0
2095,陳慧嫻,Solo / Group,,,,0
2096,許麗靜,Solo / Group,,,,0
2097,張碧晨+王赫野,Solo / Group,,,,3
2098,賀一航,Solo / Group,,,,0
2099,謝華,Solo / Group,,,,0
2100,丁點兒,Solo / Group,,,,0
2101,高原,Solo / Group,,,,0
2102,林志斌,Solo / Group,,,,0
2103,趙小南,Solo / Group,,,,0
2104,莊振凱+洪百慧,Solo / Group,,,,0
2105,楊麗菁,Solo / Group,,,,0
2106,情歌對唱,Solo / Group,,,,0
2107,趙曉潭+蘇文良,Solo / Group,,,,0
2108,鶴立立,Solo / Group,,,,0
2109,鍾有道,Solo / Group,,,,0
2110,劉玉芳,Solo / Group,,,,0
2111,梅艷芳,Solo / Group,,,,0
2112,良山,Solo / Group,,,,0
2113,超級佩璞 & itssiu,Indie / Global,,,,0
2114,Capper,Indie / Global,,,,0
2115,久石讓 & 米良美一,Indie / Global,,,,0
2116,寶寶床邊音樂盒,Indie / Global,,,,0
2117,展展與羅羅,Indie / Global,,,,0
2118,奧拉・雅羅,Indie / Global,,,,0
2119,黛安娜羅絲,Indie / Global,,,,0
2120,尤雅,Solo / Group,,,,0
2121,蕭敬騰+周傳雄,Solo / Group,,,,0
2122,黃暄雅,Solo / Group,,,,0
2123,彭嬿,Solo / Group,,,,0
2124,劉桂湘+莊合音+邱致祥+張堂珍+陳果伸,Solo / Group,,,,0
2125,吉幾三,Solo / Group,,,,0
2126,徐木珍,Solo / Group,,,,0
2127,文夏+文香,Solo / Group,,,,0
2128,陳興瑜,Solo / Group,,,,0
2129,葉璦菱,Solo / Group,,,,0
2130,高爾宣 & 派偉俊,Indie / Global,,,,0
2131,高潤荷,Indie / Global,,,,0
2132,張學友 & 高慧君,Indie / Global,,,,0
2133,汪峯,Indie / Global,,,,0
2134,Sleepy Nuts,Indie / Global,,,,0
2135,啟程合唱小組,Indie / Global,,,,0
2136,"李杰明, 陳忻玥, 高爾宣, 九九 & 王艷薇",Indie / Global,,,,0
2137,高橋洋子,Indie / Global,,,,0
2138,日本BGM向上委員会,Indie / Global,,,,0
2139,王ADEN & 高爾宣,Indie / Global,,,,0
2140,Pianoboy高至豪,Indie / Global,,,,0
2141,Toya Takase,Indie / Global,,,,0
2142,高橋優,Indie / Global,,,,0
2143,王赫野 & 希林娜依高,Indie / Global,,,,0
2144,以莉·高露,Indie / Global,,,,0
2145,曾寶儀+黃子佼,Solo / Group,,,,0
2146,張衛健+韓宇,Solo / Group,,,,0
2147,黃志明+李佳薇,Solo / Group,,,,0
2148,余天龍+吳儀君,Solo / Group,,,,0
2149,窩窩,Solo / Group,,,,0
2150,9m88+Leo王,Solo / Group,,,,0
2151,妮可醬,Solo / Group,,,,0
2152,容中爾甲,Solo / Group,,,,0
2153,烏蘭托婭,Solo / Group,,,,0
2154,妞妞,Solo / Group,,,,0
2155,廖若予,Solo / Group,,,,0
2156,王秀如+林峰,Solo / Group,,,,0
2157,葉啟田+方瑞娥,Solo / Group,,,,0
2158,鄭淑玲,Solo / Group,,,,0
2159,黃婠媛,Solo / Group,,,,0
2160,岳雷+甄秀珍,Solo / Group,,,,0
2161,陳聖芬,Solo / Group,,,,0
2162,八妹,Solo / Group,,,,0
2163,劉青,Solo / Group,,,,0
2164,李珮菁,Solo / Group,,,,0
2165,慕容婕柃,Solo / Group,,,,0
2166,張淑美+張芳美,Solo / Group,,,,0
2167,劉德華+張衛健,Solo / Group,,,,0
2168,施易男,Solo / Group,,,,0
2169,金志文+徐佳瑩,Solo / Group,,,,0
2170,徐亨,Solo / Group,,,,0
2171,文夏+四姐妹,Solo / Group,,,,0
2172,張衛健+劉德華,Solo / Group,,,,0
2173,倪賓,Solo / Group,,,,0
2174,原始林,Solo / Group,,,,0
2175,劉沛蘭,Solo / Group,,,,0
2176,郭金發,Solo / Group,,,,0
2177,小畑実,Solo / Group,,,,0
2178,斯琴高麗,Solo / Group,,,,0
2179,正月十五,Solo / Group,,,,0
2180,石琇惠,Solo / Group,,,,0
2181,胡歌,Solo / Group,,,,0
2182,張敬軒+王菀之,Solo / Group,,,,0
2183,羅時豐+對唱,Solo / Group,,,,0
2184,張俐敏,Solo / Group,,,,0
2185,黃耀明,Solo / Group,,,,0
2186,姚莉+楊光,Solo / Group,,,,0
2187,thehopend,Indie / Global,,,,0
2188,亞瑟・魯賓斯坦,Indie / Global,,,,0
2189,黃瑞琪,Solo / Group,,,,0
2190,潘瑋柏 & 弦子,Indie / Global,,,,0
2191,潘信維,Indie / Global,,,,0
2192,広橋真紀子,Indie / Global,,,,0
2193,潘成(皮卡潘),Indie / Global,,,,0
2194,潘越雲 & 齊豫,Indie / Global,,,,0
2195,潘安邦,Indie / Global,,,,0
2196,潘裕文,Indie / Global,,,,0
2197,薛明媛 & 朱賀,Indie / Global,,,,0
2198,"麗絲・戴維森, 倫敦愛樂管弦樂團 & 愛德華 · 加德納",Indie / Global,,,,0
2199,畢書盡 & 朱俐靜,Indie / Global,,,,0
2200,朱俐靜 & 陳勢安,Indie / Global,,,,0
2201,朱興東,Indie / Global,,,,0
2202,朱碧石,Indie / Global,,,,0
2203,朱禮安,Indie / Global,,,,0
2204,朱婧汐,Indie / Global,,,,0
2205,朱運恒,Indie / Global,,,,0
2206,莎妮 · 迪魯卡,Indie / Global,,,,0
2207,朱浩仁,Indie / Global,,,,0
2208,朱宗慶打擊樂團,Indie / Global,,,,0
2209,ZHU,Indie / Global,,,,0
2210,木星樂團 & 湯瑪斯・鄧福德,Indie / Global,,,,0
2211,朱海君 & 李明洋,Indie / Global,,,,0
2212,石川さゆり,Solo / Group,,,,0
2213,Willy簡嘉彣,Indie / Global,,,,0
2214,張簡君偉,Indie / Global,,,,0
2215,羽·泉 & 蘇慧倫,Indie / Global,,,,0
2216,貝特朗 · 夏瑪尤,Indie / Global,,,,0
2217,嬰兒 睡覺,Indie / Global,,,,0
2218,青虫 aoi,Indie / Global,,,,0
2219,愛麗絲・紗良・奧特,Indie / Global,,,,0
2220,卓義峯,Indie / Global,,,,0
2221,"成龍, 周華健, 李宗盛 & 黃耀明",Indie / Global,,,,0
2222,伍佰 & 萬芳,Indie / Global,,,,0
2223,翁祥 & Willy簡嘉彣,Indie / Global,,,,0
2224,郭聰明,Indie / Global,,,,0
2225,陳楚生,Indie / Global,,,,0
2226,第四世蔣貢康楚仁波切,Indie / Global,,,,0
2227,歐拉佛・亞諾茲,Indie / Global,,,,0
2228,布蘭妮·斯皮爾斯,Indie / Global,,,,0
2229,周華健 & 任賢齊,Indie / Global,,,,0
2230,Bruno Fontaine,Indie / Global,,,,0
2231,Vestard Shimkus,Indie / Global,,,,0
2232,歐拉佛・亞諾茲 & Voces8,Indie / Global,,,,0
2233,那英+張杰,Solo / Group,,,,0
2234,石一楠,Solo / Group,,,,0
2235,羅聰,Solo / Group,,,,0
2236,林鴻銘+秦媗,Solo / Group,,,,0
2237,姜育恆+潘軍,Solo / Group,,,,0
2238,ShiGGaShay+孫燕姿,Solo / Group,,,,0
2239,ShiGGa Shay+孫燕姿,Solo / Group,,,,0
2240,夏筱晴,Solo / Group,,,,0
2241,于瑞洋,Solo / Group,,,,0
2242,鄭進一+澎恰恰+許效,Solo / Group,,,,0
2243,李志洲,Solo / Group,,,,0
2244,SHIGGA SHAY+孫燕,Solo / Group,,,,0
2245,黃凱芹,Solo / Group,,,,0
2246,李佳璐,Solo / Group,,,,0
2247,鍾鎮宇,Indie / Global,,,,0
2248,CHEN & Punch,Indie / Global,,,,0
2249,Relaxing Piano,Indie / Global,,,,0
2250,鍾明軒,Indie / Global,,,,0
2251,李鍾錫,Indie / Global,,,,0
2252,金鐘鉉,Indie / Global,,,,0
2253,逃跑計劃,Indie / Global,,,,0
2254,"TangoZ鍾祺, AnsrJ & 謝可寅",Indie / Global,,,,0
2255,蔡卓妍,Indie / Global,,,,0
2256,鍾興民,Indie / Global,,,,0
2257,尹鍾信 & SEVENTEEN,Indie / Global,,,,0
2258,尹鍾信 & MINSEO,Indie / Global,,,,0
2259,"CHEN, Baekhyun & XIUMIN",Indie / Global,,,,0
2260,鍾綺,Indie / Global,,,,0
2261,炎明熹+魔動閃霸,Solo / Group,,,,0
2262,林晶晶,Solo / Group,,,,0
2263,沈建豪+徐紫淇,Solo / Group,,,,0
2264,王晶,Solo / Group,,,,0
2265,徐譽騰,Solo / Group,,,,0
2266,謝安琪+張敬軒,Solo / Group,,,,0
2267,林葳,Solo / Group,,,,0
2268,詹曼鈴+陳豪,Solo / Group,,,,0
2269,林淑娟,Solo / Group,,,,0
2270,飛兒樂團,Indie / Global,,,,0
2271,彭羚 & 王力宏,Indie / Global,,,,0
2272,尼克・克洛爾 & 瑞絲薇斯朋,Indie / Global,,,,0
2273,彭熊軼男,Indie / Global,,,,0
2274,那對大妻,Solo / Group,,,,0
2275,wann,Indie / Global,,,,0
2276,落差草原 WWWW,Indie / Global,,,,0
2277,隊長 & 角吾杰,Indie / Global,,,,0
2278,海妖,Indie / Global,,,,0
2279,盧冠廷,Indie / Global,,,,0
2280,方大同 & 薛凱琪,Indie / Global,,,,0
2281,暗杠,Indie / Global,,,,0
2282,海妖樂隊,Indie / Global,,,,0
2283,遊唱寶貝 & 黃湘怡,Indie / Global,,,,0
2284,久石讓 & 游學志,Indie / Global,,,,0
2285,木村弓 & 游學志,Indie / Global,,,,0
2286,張靚穎 & 李榮浩,Indie / Global,,,,0
2287,My First Music,Indie / Global,,,,0
2288,游學志,Indie / Global,,,,0
2289,DIVA彩月團,Solo / Group,,,,0
2290,陳明韶,Solo / Group,,,,0
2291,盛宇 & Faye 詹雯婷,Indie / Global,,,,0
2292,Faye 詹雯婷,Indie / Global,,,,0
2293,周杰倫 & 詹宇豪,Indie / Global,,,,0
2294,"告五人, 詹懷雲 & 江齊",Indie / Global,,,,0
2295,"詹雅雯, 林喬安, 溫瀚龍 & 高佳群",Indie / Global,,,,0
2296,"馬克斯・李希特, 班・ 羅素 & 克拉麗絲・贊臣",Indie / Global,,,,0
2297,Sabrina 胡恂舞,Indie / Global,,,,0
2298,胡凱兒,Indie / Global,,,,0
2299,胡夏 & 郁可唯,Indie / Global,,,,0
2300,CORSAK胡夢周,Indie / Global,,,,0
2301,胡楊林,Indie / Global,,,,0
2302,胡歌 & 阿蘭,Indie / Global,,,,0
2303,胡星冉,Indie / Global,,,,0
2304,Sabrina 胡恂舞 & JOYCE 就以斯,Indie / Global,,,,0
2305,蕭敬騰+王琳凱+張碧晨,Solo / Group,,,,1
2306,Fine樂團,Solo / Group,,,,0
2307,李香蘭,Solo / Group,,,,0
2308,Akb48,Solo / Group,,,,0
2309,施語庭,Indie / Global,,,,0
2310,miki施孟琪,Indie / Global,,,,0
2311,蕭小M,Indie / Global,,,,0
2312,施文彬 & 江蕙,Indie / Global,,,,0
2313,基里爾 · 格斯坦,Indie / Global,,,,0
2314,史嘉蕾·喬韓森,Indie / Global,,,,0
2315,史嘉蕾·喬韓森 & Bono,Indie / Global,,,,0
2316,施孝榮,Indie / Global,,,,0
2317,赫胥卡,Indie / Global,,,,0
2318,丹尼爾・特里福諾夫,Indie / Global,,,,0
2319,史嘉蕾·喬韓森 & 喬昆.菲尼克斯,Indie / Global,,,,0
2320,琉森節慶弦樂團 & 丹尼爾・多茲,Indie / Global,,,,0
2321,隊長,Indie / Global,,,,0
2322,琪琪·帕瑪,Indie / Global,,,,0
2323,"鄭人碩, 劉冠廷, 納豆 & 施名帥",Indie / Global,,,,0
2324,一綾+慧璇,Solo / Group,,,,0
2325,鄭怡萍,Solo / Group,,,,0
2326,余俊,Solo / Group,,,,0
2327,邱四湖+張愛蔆,Solo / Group,,,,0
2328,周慧璇+一綾,Solo / Group,,,,0
2329,王又萱,Solo / Group,,,,0
2330,茆蕙觀,Solo / Group,,,,0
2331,潘寶新,Solo / Group,,,,0
2332,林美美,Solo / Group,,,,0
2333,慧觀,Solo / Group,,,,0
2334,謝宜君+陳隨意,Solo / Group,,,,0
2335,茆惠觀,Solo / Group,,,,0
2336,"阿YueYue, 戾格 & 小田音樂社",Indie / Global,,,,0
2337,奇然 & 沈謐仁,Indie / Global,,,,0
2338,沈安,Indie / Global,,,,0
2339,沈文程 & 張瀛仁,Indie / Global,,,,0
2340,沈蟲蟲 & 陳土豆,Indie / Global,,,,0
2341,"接個吻,開一槍, 沈以誠 & 薛明媛",Indie / Global,,,,0
2342,ZUTOMAYO,Indie / Global,,,,0
2343,沈文程 & 陳盈潔,Indie / Global,,,,0
2344,善宇,Indie / Global,,,,0
2345,沈文程 & 曾心梅,Indie / Global,,,,0
2346,陳盈潔 & 沈文程,Indie / Global,,,,0
2347,Alfred Sim,Indie / Global,,,,0
2348,沈以誠,Indie / Global,,,,0
2349,誓言,Indie / Global,,,,0
2350,Dish,Indie / Global,,,,0
2351,沈雁,Indie / Global,,,,0
2352,舞炯恩,Indie / Global,,,,0
2353,沈靖韜,Indie / Global,,,,0
2354,"莊沛汶, 沈睿傑, 施孟元 & 高暐哲",Indie / Global,,,,0
2355,沈學風.碩果 & 王睿卓,Indie / Global,,,,0
2356,Nod...Off,Indie / Global,,,,0
2357,阿YueYue & 戾格,Indie / Global,,,,0
2358,陳小龍,Solo / Group,,,,0
2359,伍浩哲+陳美鳳,Solo / Group,,,,0
2360,徐一鳴,Solo / Group,,,,0
2361,蘇芮,Solo / Group,,,,0
2362,璟年,Solo / Group,,,,0
2363,French kiss,Solo / Group,,,,0
2364,余又,Indie / Global,,,,0
2365,余佳運,Indie / Global,,,,0
2366,AFMC黑子,Indie / Global,,,,0
2367,小阿七,Indie / Global,,,,0
2368,RIIZE,Indie / Global,,,,0
2369,軟萌兔兔,Indie / Global,,,,0
2370,道英,Indie / Global,,,,0
2371,水田龍子,Solo / Group,,,,0
2372,趙翊帆,Indie / Global,,,,0
2373,NINEONE趙馨玥,Indie / Global,,,,0
2374,趙雷,Indie / Global,,,,0
2375,趙露思,Indie / Global,,,,0
2376,音闕詩聽 & 趙方婧,Indie / Global,,,,0
2377,趙翊帆 & Way U,Indie / Global,,,,0
2378,趙磊 & Fine樂團,Indie / Global,,,,0
2379,趙磊,Indie / Global,,,,0
2380,趙傳 & 劉沁,Indie / Global,,,,0
2381,趙翊帆 & PONY5IBE,Indie / Global,,,,0
2382,趙成珍,Indie / Global,,,,0
2383,趙紫驊,Indie / Global,,,,0
2384,張碧晨 & 趙麗穎,Indie / Global,,,,0
2385,吳亦凡 & 趙麗穎,Indie / Global,,,,0
2386,盧盧快閉嘴,Indie / Global,,,,0
2387,盧子杰 James Lu,Indie / Global,,,,0
2388,梁靜茹 & 盧廣仲,Indie / Global,,,,0
2389,楊坤+人聲兄弟,Solo / Group,,,,0
2390,梁靜茹 & 艾怡良,Indie / Global,,,,0
2391,卓文萱 & 曹格,Indie / Global,,,,0
2392,吳奇隆+李沁怡,Solo / Group,,,,0
2393,Ave Mujica,Indie / Global,,,,0
2394,"顏尼歐・莫瑞康尼, 馬友友 & 羅馬交響樂團",Indie / Global,,,,0
2395,馬友友,Indie / Global,,,,0
2396,顏志琳,Indie / Global,,,,0
2397,許嵩+何曼婷,Solo / Group,,,,0
2398,工藤静香,Solo / Group,,,,0
2399,李藝雅,Solo / Group,,,,0
2400,張玫,Solo / Group,,,,0
2401,陳艾玲,Solo / Group,,,,0
2402,達玲,Solo / Group,,,,0
2403,劉濤,Solo / Group,,,,0
2404,陳亮吟,Solo / Group,,,,0
2405,趙詠華+李正帆,Solo / Group,,,,0
2406,王日昇,Solo / Group,,,,0
2407,松原のぶえ,Solo / Group,,,,0
2408,劉佳林,Solo / Group,,,,0
2409,崔子格+劉濤,Solo / Group,,,,0
2410,江銘+洪明協,Solo / Group,,,,0
2411,趙詠華+對唱,Solo / Group,,,,0
2412,顏小健,Solo / Group,,,,0
2413,陳琳,Solo / Group,,,,0
2414,琪大媽,Solo / Group,,,,0
2415,桂瑩瑩,Solo / Group,,,,0
2416,徐良+小凌,Solo / Group,,,,0
2417,陳玉建,Solo / Group,,,,0
2418,周慧敏,Solo / Group,,,,0
2419,古惠景,Solo / Group,,,,0
2420,西卿,Solo / Group,,,,0
2421,中川翔子,Solo / Group,,,,0
2422,三枝夕夏 in db,Solo / Group,,,,0
2423,陳柯宇,Indie / Global,,,,0
2424,林小柯,Indie / Global,,,,0
2425,賽西兒 · 柯貝爾,Indie / Global,,,,0
2426,"劉德華, 吳宗憲 & 柯受良",Indie / Global,,,,0
2427,魯多維柯・艾奧迪,Indie / Global,,,,0
2428,柯以敏 & 林志炫,Indie / Global,,,,0
2429,登坂廣臣,Indie / Global,,,,0
2430,Charli xcx,Indie / Global,,,,0
2431,DAISHI DANCE,Indie / Global,,,,0
2432,柯柯柯啊,Indie / Global,,,,0
2433,"盧子杰 James Lu, 屁孩 Ryan & 柯政宏",Indie / Global,,,,0
2434,柯震東,Indie / Global,,,,0
2435,斉藤功,Indie / Global,,,,0
2436,周艷泓,Solo / Group,,,,0
2437,吳佩珊,Solo / Group,,,,0
2438,KONE,Solo / Group,,,,0
2439,魏嘉瑩,Indie / Global,,,,0
2440,魏如萱,Indie / Global,,,,0
2441,魏奇奇,Indie / Global,,,,0
2442,魏如萱 & 許光漢,Indie / Global,,,,0
2443,劉惜君 & 薛之謙,Indie / Global,,,,0
2444,薛金史帝文生,Indie / Global,,,,0
2445,張碧晨 & 毛不易,Indie / Global,,,,0
2446,陳墨一(吖毛),Indie / Global,,,,0
2447,恆春兮,Indie / Global,,,,0
2448,迪麗熱巴,Indie / Global,,,,0
2449,毛利齊奧・波里尼,Indie / Global,,,,0
2450,李玉璽 & 王識賢,Indie / Global,,,,0
2451,王晰,Solo / Group,,,,0
2452,陳奕晴,Solo / Group,,,,0
2453,林俊,Solo / Group,,,,0
2454,夏佳右,Solo / Group,,,,0
2455,熊海靈,Solo / Group,,,,0
2456,李之勤,Solo / Group,,,,0
2457,張帝,Solo / Group,,,,0
2458,馬沙,Solo / Group,,,,0
2459,徐千舜,Solo / Group,,,,0
2460,香香,Solo / Group,,,,0
2461,許過頭,Solo / Group,,,,0
2462,舒媚,Solo / Group,,,,0
2463,MOMO姐姐,Solo / Group,,,,0
2464,熊海珍,Solo / Group,,,,0
2465,汪蘇瀧 & 容祖兒,Indie / Global,,,,0
2466,汪蘇瀧 & 吉克雋逸,Indie / Global,,,,0
2467,汪小敏,Indie / Global,,,,0
2468,汪蘇瀧 & 荷莉,Indie / Global,,,,0
2469,汪蘇瀧 & 徐佳瑩,Indie / Global,,,,0
2470,汪蘇瀧 & 鄧紫棋,Indie / Global,,,,0
2471,張碧晨 & 汪蘇瀧,Indie / Global,,,,0
2472,汪蘇瀧 & 林希兒,Indie / Global,,,,0
2473,徐詣帆,Solo / Group,,,,0
2474,鄧福如 AFÜ,Indie / Global,,,,0
2475,伍佰 & China Blue,Indie / Global,,,,0
2476,伍佰 & 莫文蔚,Indie / Global,,,,0
2477,粗大Band,Indie / Global,,,,0
2478,張衛健,Solo / Group,,,,0
2479,A-Show,Solo / Group,,,,0
2480,A show,Solo / Group,,,,0
2481,方雅賢,Indie / Global,,,,0
2482,方烱彬,Indie / Global,,,,0
2483,斑恩,Indie / Global,,,,0
2484,ReoNa,Indie / Global,,,,0
2485,方季惟,Indie / Global,,,,0
2486,あいみょん,Indie / Global,,,,0
2487,黃偉霖,Solo / Group,,,,0
2488,陳彥允,Solo / Group,,,,0
2489,張靓穎,Solo / Group,,,,0
2490,Go Go Rise美好前程,Solo / Group,,,,0
2491,許書豪,Solo / Group,,,,0
2492,攬佬SKAI ISYOURGOD,Solo / Group,,,,0
2493,傷心欲絕,Solo / Group,,,,0
2494,許耀奇,Solo / Group,,,,0
2495,蔣嬰,Solo / Group,,,,0
2496,龍奔,Solo / Group,,,,0
2497,蔣大為,Solo / Group,,,,0
2498,林秋風,Solo / Group,,,,0
2499,肖飛,Solo / Group,,,,0
2500,東方駿,Solo / Group,,,,0
2501,藍雨,Solo / Group,,,,0
2502,江淑娜,Solo / Group,,,,0
2503,王羽馨,Solo / Group,,,,0
2504,徐佩琪,Solo / Group,,,,0
2505,戴邑靜,Solo / Group,,,,0
2506,羅琦,Solo / Group,,,,0
2507,戴芸庭,Solo / Group,,,,0
2508,晨陽,Solo / Group,,,,0
2509,蘇來,Solo / Group,,,,0
2510,邱綉媛,Solo / Group,,,,0
2511,劉鈞,Solo / Group,,,,0
2512,玄樂團,Solo / Group,,,,0
2513,符龍飛,Solo / Group,,,,0
2514,李漢昭,Solo / Group,,,,0
2515,王惠櫻,Solo / Group,,,,0
2516,大月みやこ,Solo / Group,,,,0
2517,吳彤雨,Solo / Group,,,,0
2518,大台風樂團,Solo / Group,,,,0
2519,三波春夫,Solo / Group,,,,0
2520,陳柏圻,Solo / Group,,,,0
2521,于嘉珍,Solo / Group,,,,0
2522,閻荷婷,Solo / Group,,,,0
2523,辛欣,Solo / Group,,,,0
2524,霈丹,Solo / Group,,,,0
2525,馬念先+9m88,Solo / Group,,,,0
2526,電流妹,Solo / Group,,,,0
2527,coco這個李文,Solo / Group,,,,0
2528,山野,Solo / Group,,,,0
2529,黃磊,Solo / Group,,,,0
2530,申大衛,Solo / Group,,,,0
2531,豔陽天,Solo / Group,,,,0
2532,陳潔儀+蘇永康,Solo / Group,,,,0
2533,陳明仁,Solo / Group,,,,0
2534,李驥,Solo / Group,,,,0
2535,杜宣達,Indie / Global,,,,0
2536,孫淑媚 & 阿杜,Indie / Global,,,,0
2537,劉曉禹,Indie / Global,,,,0
2538,杜德偉 & 林凡,Indie / Global,,,,0
2539,蕭孋珠,Solo / Group,,,,0
2540,戴羽彤,Indie / Global,,,,0
2541,戴夫・布魯貝克,Indie / Global,,,,0
2542,"The Weeknd, JENNIE & 莉莉蘿絲·戴普",Indie / Global,,,,0
2543,馬友友 & 凱瑟琳 · 史托特,Indie / Global,,,,0
2544,戴羽彤 & 承桓,Indie / Global,,,,0
2545,戴荃,Indie / Global,,,,0
2546,淺影阿,Solo / Group,,,,0
2547,王仁宏,Solo / Group,,,,0
2548,朴宰範,Indie / Global,,,,0
2549,范宗沛 & 李哲音,Indie / Global,,,,0
2550,李哲音 & 范宗沛,Indie / Global,,,,0
2551,Josu Okiñena,Indie / Global,,,,0
2552,酷音樂團,Indie / Global,,,,0
2553,Costantino Catena,Indie / Global,,,,0
2554,宋德鶴,Indie / Global,,,,0
2555,小宇 宋念宇,Indie / Global,,,,0
2556,宋秉勤,Indie / Global,,,,0
2557,宋岳庭,Indie / Global,,,,0
2558,小宇 宋念宇 & A-Lin,Indie / Global,,,,0
2559,宋雨琦,Indie / Global,,,,0
2560,宋佳野,Indie / Global,,,,0
2561,宋楚琳,Indie / Global,,,,0
2562,宋孟君,Indie / Global,,,,0
2563,宋旻浩,Indie / Global,,,,0
2564,ZICO & 宋旻浩,Indie / Global,,,,0
2565,袁婭維 & 小宇 宋念宇,Indie / Global,,,,0
2566,icyball 冰球樂團 & 宋芸樺,Indie / Global,,,,0
2567,BE'O,Indie / Global,,,,0
2568,ERIKA,Indie / Global,,,,0
2569,后弦,Solo / Group,,,,0
2570,曹楊,Indie / Global,,,,0
2571,조정석,Indie / Global,,,,0
2572,梁靜茹 & 曹格,Indie / Global,,,,0
2573,光良 & 曹格,Indie / Global,,,,0
2574,曹雅雯 & 許富凱,Indie / Global,,,,0
2575,曹雨航 & 朝歌夜弦,Indie / Global,,,,0
2576,曹雅雯 & 陳亞蘭,Indie / Global,,,,0
2577,曹登昌,Indie / Global,,,,0
2578,曹方,Indie / Global,,,,0
2579,潔白樂團,Solo / Group,,,,0
2580,董又霖,Indie / Global,,,,0
2581,董寶石,Indie / Global,,,,0
2582,董運昌,Indie / Global,,,,0
2583,董寶石 & 哩哩,Indie / Global,,,,0
2584,董唧唧 & 芊芊龍,Indie / Global,,,,0
2585,董貞,Indie / Global,,,,0
2586,"楊宗緯, 董寶石 & 王宇宙Leto",Indie / Global,,,,0
2587,小春Kenzy,Indie / Global,,,,0
2588,"董寶石, Kozay & Evis Wy",Indie / Global,,,,0
2589,Aioz & 董唧唧,Indie / Global,,,,0
2590,胖虎(董欣怡),Indie / Global,,,,0
2591,董運昌 & 陳雅慧,Indie / Global,,,,0
2592,董唧唧 & 何村豬,Indie / Global,,,,0
2593,翁立友 & 董育君,Indie / Global,,,,0
2594,董寶石 & 派克特,Indie / Global,,,,0
2595,"李玖哲, 陳楚生 & 董寶石",Indie / Global,,,,0
2596,李潤祺,Indie / Global,,,,0
2597,頑童MJ119,Solo / Group,,,,0
2598,溫奕心,Indie / Global,,,,0
2599,温嵐,Indie / Global,,,,0
2600,溫蒂漫步,Indie / Global,,,,0
2601,温嵐 & 周杰倫,Indie / Global,,,,0
2602,温嵐 & JZN,Indie / Global,,,,0
2603,流氓阿德,Indie / Global,,,,0
2604,鐵竹堂 & 温嵐,Indie / Global,,,,0
2605,伊雯·瑞秋·伍德,Indie / Global,,,,0
2606,Dan + Shay,Indie / Global,,,,0
2607,芒果醬 & 溫妮,Indie / Global,,,,0
2608,魏嘉瑩 & 溫妮,Indie / Global,,,,0
2609,馬天宇,Indie / Global,,,,0
2610,安靜音樂,Indie / Global,,,,0
2611,約書亞樂團,Indie / Global,,,,0
2612,溫妮,Indie / Global,,,,0
2613,賈斯汀・泰勒,Indie / Global,,,,0
2614,George Benson,Indie / Global,,,,0
2615,呂士軒 & 溫妮,Indie / Global,,,,0
2616,張清芳 & 范怡文,Indie / Global,,,,0
2617,溫妮 & 老王樂隊,Indie / Global,,,,0
2618,王梓安,Solo / Group,,,,0
2619,高進,Solo / Group,,,,0
2620,羊羊,Solo / Group,,,,0
2621,蔡以真,Solo / Group,,,,0
2622,陳盛宇,Solo / Group,,,,0
2623,江蘋果,Solo / Group,,,,0
2624,任賢齊+MP魔幻力量,Solo / Group,,,,0
2625,歐陽尚尚,Solo / Group,,,,0
2626,唐古,Solo / Group,,,,0
2627,李澤堅+司徒蘭芳,Solo / Group,,,,0
2628,Control T,Solo / Group,,,,0
2629,吳莫愁,Solo / Group,,,,0
2630,Felicia蔡菲凡,Solo / Group,,,,0
2631,石梅,Solo / Group,,,,0
2632,蔡桂枝,Solo / Group,,,,0
2633,林立洋,Solo / Group,,,,0
2634,陳正航,Solo / Group,,,,0
2635,林晏如,Solo / Group,,,,0
2636,許秀雲,Solo / Group,,,,0
2637,洪百慧,Solo / Group,,,,0
2638,金城武,Solo / Group,,,,0
2639,永+田,Solo / Group,,,,0
2640,一帆,Solo / Group,,,,0
2641,薛能章,Solo / Group,,,,0
2642,潘益群,Solo / Group,,,,0
2643,林俊彥+張瀛仁,Solo / Group,,,,0
2644,愛突擊,Solo / Group,,,,0
2645,黃素真,Solo / Group,,,,0
2646,高向鵬+林良歉+唐儷,Solo / Group,,,,0
2647,阿黑,Solo / Group,,,,0
2648,薛岳,Solo / Group,,,,0
2649,林良樂,Solo / Group,,,,0
2650,翁倩玉,Solo / Group,,,,0
2651,嬛嬛+陳塏瑞+林家男+呂志國,Solo / Group,,,,0
2652,李英,Solo / Group,,,,0
2653,王馨,Solo / Group,,,,0
2654,楊洋,Solo / Group,,,,0
2655,張沛沛,Solo / Group,,,,0
2656,王識賢+孫淑媚,Solo / Group,,,,0
2657,楊克強,Solo / Group,,,,0
2658,楊美蓮,Solo / Group,,,,0
2659,小賤+可歆,Solo / Group,,,,0
2660,奧迪,Solo / Group,,,,0
2661,永田,Solo / Group,,,,0
2662,蔡小虎+王瑞霞,Solo / Group,,,,0
2663,娜歐蜜・史考特,Indie / Global,,,,0
2664,卡洛斯賈德爾,Indie / Global,,,,0
2665,拉敏・賈瓦帝,Indie / Global,,,,0
2666,"卡蒂雅・布尼亞季什維利, 帕佛・賈維 & 捷克愛樂管弦樂團",Indie / Global,,,,0
2667,"約翰・威廉斯, 伊扎克・帕爾曼 & 匹茲堡交響樂團",Indie / Global,,,,0
2668,艾哈邁德·賈馬爾,Indie / Global,,,,0
2669,"HAUSER, 倫敦交響樂團 & 羅伯・齊格勒",Indie / Global,,,,0
2670,菲道爾 & DIOR 大穎,Indie / Global,,,,0
2671,小賈姬 蘇珊波爾,Indie / Global,,,,0
2672,史蒂夫・賈布隆斯基,Indie / Global,,,,0
2673,柏林愛樂 & 赫伯特・馮・卡拉揚,Indie / Global,,,,0
2674,Kottos,Indie / Global,,,,0
2675,"卡蒂雅・布尼亞季什維利, 巴黎管弦樂團 & 帕佛・賈維",Indie / Global,,,,0
2676,"馬友友, 艾瑞克 · 賈柯柏森 & 騎士室內樂團",Indie / Global,,,,0
2677,"坂本龍一, 賈克・莫倫蘭鮑姆 & Judy Kang",Indie / Global,,,,0
2678,"漢娜・薩森斯坦, 賈斯汀・泰勒 & 蒂博・羅塞爾",Indie / Global,,,,0
2679,Mena Massoud & 娜歐蜜・史考特,Indie / Global,,,,0
2680,賈玲,Indie / Global,,,,0
2681,倫敦交響樂團 & 約翰・艾略特・賈第納,Indie / Global,,,,0
2682,克里斯蒂安・賈維,Indie / Global,,,,0
2683,侯湘婷,Indie / Global,,,,0
2684,侯泓涵,Indie / Global,,,,0
2685,侯明昊,Indie / Global,,,,0
2686,小咪,Indie / Global,,,,0
2687,侯湘婷 & 林慧萍,Indie / Global,,,,0
2688,侯孝賢 & 林強,Indie / Global,,,,0
2689,武部聡志,Indie / Global,,,,0
2690,"夢想家樂團, 芙羅倫絲・波爾頓 & 班傑明・佩侯",Indie / Global,,,,0
2691,侯志堅,Indie / Global,,,,0
2692,icyball 冰球樂團,Indie / Global,,,,0
2693,侯孝賢,Indie / Global,,,,0
2694,"侯志堅, 陳主惠 & 魏廣晧",Indie / Global,,,,0
2695,井朧,Indie / Global,,,,0
2696,汪峰,Solo / Group,,,,0
2697,T.R.Y,Solo / Group,,,,0
2698,马师傅,Indie / Global,,,,0
2699,傅如喬,Indie / Global,,,,0
2700,傅又宣-傅珮嘉,Indie / Global,,,,0
2701,傅子文,Indie / Global,,,,0
2702,"IN-K, 安蘇羽 & 傅夢彤",Indie / Global,,,,0
2703,皮耶・傅尼葉,Indie / Global,,,,0
2704,藍心羽 & 傅如喬,Indie / Global,,,,0
2705,傅薇,Indie / Global,,,,0
2706,傅又宣-傅珮嘉 & MC HAN,Indie / Global,,,,0
2707,傅菁,Indie / Global,,,,0
2708,傅夢彤 & 陳麒名,Indie / Global,,,,0
2709,傅健穎,Indie / Global,,,,0
2710,傅夢彤 & 曲酷,Indie / Global,,,,0
2711,蔣坤煒 & 马师傅,Indie / Global,,,,0
2712,邱智彥,Solo / Group,,,,0
2713,陸虎,Indie / Global,,,,0
2714,tuki.,Indie / Global,,,,0
2715,陸傑awr,Indie / Global,,,,0
2716,YOOK SUNGJAE (BTOB),Indie / Global,,,,0
2717,mafmadmaf,Indie / Global,,,,0
2718,陸虎 & 周深,Indie / Global,,,,0
2719,"陳楚生, 王櫟鑫, 陸虎, 張遠 & 俞灝明",Indie / Global,,,,0
2720,陸逸軒,Indie / Global,,,,0
2721,"陳楚生, 王櫟鑫, 陸虎 & 張遠",Indie / Global,,,,0
2722,陸不離,Indie / Global,,,,0
2723,陸逸傑,Indie / Global,,,,0
2724,陸政廷,Indie / Global,,,,0
2725,藤本陸斗,Indie / Global,,,,0
2726,趙露思 & 陸宇鵬,Indie / Global,,,,0
2727,"陳楚生, 王櫟鑫, 張遠, 陸虎 & 俞灝明",Indie / Global,,,,0
2728,劉宇寧,Indie / Global,,,,0
2729,楊錦聰,Indie / Global,,,,0
2730,安全著陸,Indie / Global,,,,0
2731,林靖恩,Solo / Group,,,,0
2732,林俊彥,Solo / Group,,,,0
2733,比莉 & 周湯豪,Indie / Global,,,,0
2734,ZEO,Indie / Global,,,,0
2735,淺堤,Indie / Global,,,,0
2736,"劉若英, 周迅, 桂綸鎂 & 湯唯",Indie / Global,,,,0
2737,李洋,Solo / Group,,,,0
2738,張安琪,Solo / Group,,,,0
2739,王強+韓晶,Solo / Group,,,,0
2740,小畑実+藤原亮子,Solo / Group,,,,0
2741,馬丁·夏布洛,Indie / Global,,,,0
2742,理想混蛋 雞丁,Indie / Global,,,,0
2743,魚丁糸,Indie / Global,,,,0
2744,丁禹兮,Indie / Global,,,,0
2745,丁噹 & 五月天 阿信,Indie / Global,,,,0
2746,常磊磊+帶淚的魚,Solo / Group,,,,0
2747,張學友+許志安+鄭中基,Solo / Group,,,,1
2748,謝金晶,Solo / Group,,,,0
2749,五木ひろし,Solo / Group,,,,0
2750,あさみちゆき,Solo / Group,,,,0
2751,張琪,Solo / Group,,,,0
2752,廖博儀,Solo / Group,,,,0
2753,BOK和平組合,Solo / Group,,,,0
2754,莊學忠,Solo / Group,,,,0
2755,許志安+鄭中基+張學友,Solo / Group,,,,0
2756,姜永晛,Indie / Global,,,,0
2757,姜大聲,Indie / Global,,,,0
2758,KANGDANIEL,Indie / Global,,,,0
2759,Gareth.T,Indie / Global,,,,0
2760,姜沛芯 (Bagel C.),Indie / Global,,,,0
2761,G-DRAGON,Indie / Global,,,,0
2762,白娥娟,Indie / Global,,,,0
2763,姜雲升,Indie / Global,,,,0
2764,WOODZ,Indie / Global,,,,0
2765,姜珉耿,Indie / Global,,,,0
2766,"姜玉陽, 劉強 & 戴春磊",Indie / Global,,,,0
2767,ZICO & KANGDANIEL,Indie / Global,,,,0
2768,李麗華,Solo / Group,,,,0
2769,原野三重唱,Solo / Group,,,,0
2770,崔子格,Indie / Global,,,,0
2771,崔忠華,Indie / Global,,,,0
2772,崔健,Indie / Global,,,,0
2773,崔子格 & 楊培安,Indie / Global,,,,0
2774,崔榮宰,Indie / Global,,,,0
2775,"張赫, 白宇, 張彬彬, 崔航 & 鄭業成",Indie / Global,,,,0
2776,亞倫・席維斯崔,Indie / Global,,,,0
2777,KIM SUNG-CHEOL,Indie / Global,,,,0
2778,崔子格 & 周禹成,Indie / Global,,,,0
2779,崔迪 & 周華健,Indie / Global,,,,0
2780,金潤吉 & 崔子格,Indie / Global,,,,0
2781,崔維斯崔特,Indie / Global,,,,0
2782,崔榮宰 & Choi Jungyoon,Indie / Global,,,,0
2783,崔洋,Indie / Global,,,,0
2784,周品,Indie / Global,,,,0
2785,崔榮宰 & JAMIE,Indie / Global,,,,0
2786,IU,Indie / Global,,,,0
2787,崔偉立,Indie / Global,,,,0
2788,狄米崔・馬斯里夫,Indie / Global,,,,0
2789,乃亜ノ鴉,Indie / Global,,,,0
2790,譚豔,Indie / Global,,,,0
2791,譚松韻,Indie / Global,,,,0
2792,譚詠麟 & 五月天,Indie / Global,,,,0
2793,譚詠麟 & 陳奕迅,Indie / Global,,,,0
2794,"馬友友, 安垂孟特 & Gaby Casadesus",Indie / Global,,,,0
2795,譚維維 & 黃子弘凡,Indie / Global,,,,0
2796,譚維維 & 王赫野,Indie / Global,,,,0
2797,王錚亮 & 譚松韻,Indie / Global,,,,0
2798,譚嘉儀,Indie / Global,,,,0
2799,"馬友友, 阿姆斯特丹巴洛克古樂團 & 庫普蘭",Indie / Global,,,,0
2800,HOYO-MiX,Indie / Global,,,,0
2801,聞人聽書_,Indie / Global,,,,0
2802,Mr. & 譚詠麟,Indie / Global,,,,0
2803,n-buna,Indie / Global,,,,0
2804,徐晧程徐晧程 & 潤少,Indie / Global,,,,0
2805,史蒂芬・莫奇歐,Indie / Global,,,,0
2806,Armin van Buuren & 保羅歐肯佛德,Indie / Global,,,,0
2807,席歐里爾,Indie / Global,,,,0
2808,RY X & 歐拉佛・亞諾茲,Indie / Global,,,,0
2809,加布里耶・歐拉夫,Indie / Global,,,,0
2810,Yiruma & 歐拉佛・亞諾茲,Indie / Global,,,,0
2811,里歐皮,Indie / Global,,,,0
2812,歐拉佛・亞諾茲 & 愛麗絲・紗良・奧特,Indie / Global,,,,0
2813,良一,Solo / Group,,,,0
2814,黃明洲,Solo / Group,,,,0
2815,詹雅雯+詹雅云+張柏舟+張勝南,Solo / Group,,,,0
2816,賀曼衍,Indie / Global,,,,0
2817,賀仙人,Indie / Global,,,,0
2818,HE有激人,Indie / Global,,,,0
2819,魏哲鳴,Indie / Global,,,,0
2820,奧斯卡,Indie / Global,,,,0
2821,CG & 賀敬軒,Indie / Global,,,,0
2822,FranChouChou,Indie / Global,,,,0
2823,史帝芬・賀夫,Indie / Global,,,,0
2824,白小白 & 賀敬軒,Indie / Global,,,,0
2825,紀懿珍,Solo / Group,,,,0
2826,劉平芳+劉金宏,Solo / Group,,,,0
2827,愛麗,Solo / Group,,,,0
2828,蔓萱,Solo / Group,,,,0
2829,落日飛車 & 竇靖童,Indie / Global,,,,0
2830,童雲晞,Indie / Global,,,,0
2831,童珺,Indie / Global,,,,0
2832,竇靖童,Indie / Global,,,,0
2833,幼福姊姊說故事,Indie / Global,,,,0
2834,陳梓童,Indie / Global,,,,0
2835,Jonas Blue & 陳梓童,Indie / Global,,,,0
2836,音樂童年,Indie / Global,,,,0
2837,許亞童,Indie / Global,,,,0
2838,ECHO Studio,Indie / Global,,,,0
2839,最好的時光三重奏,Indie / Global,,,,0
2840,"拉斐爾・皮雄, 皮馬龍合奏團 & 法國電台兒童合唱團",Indie / Global,,,,0
2841,"楊蕎安, 同恩 & 夏宇童",Indie / Global,,,,0
2842,宋孟君+格子兮,Solo / Group,,,,0
2843,陸虎+張遠,Solo / Group,,,,0
2844,王夢麟,Solo / Group,,,,0
2845,林永祥,Solo / Group,,,,0
2846,劉平芳,Solo / Group,,,,0
2847,小野來了,Solo / Group,,,,0
2848,白娜,Solo / Group,,,,0
2849,清源,Solo / Group,,,,0
2850,周素美,Solo / Group,,,,0
2851,王冰洋,Solo / Group,,,,0
2852,YOYO家族,Solo / Group,,,,0
2853,小海燕合唱團,Solo / Group,,,,0
2854,Santa_SA+馬也_Crabbit,Solo / Group,,,,0
2855,羅嘉良,Solo / Group,,,,0
2856,王心如,Solo / Group,,,,0
2857,花兒樂團,Solo / Group,,,,0
2858,王心如+大嘴巴-MC40,Solo / Group,,,,0
2859,任然 & 易碩成,Indie / Global,,,,0
2860,易烊千璽,Indie / Global,,,,0
2861,虎二,Indie / Global,,,,0
2862,Rokudenashi,Indie / Global,,,,0
2863,范・庫易克四重奏,Indie / Global,,,,0
2864,小潘潘(潘柚彤) & 易坤林,Indie / Global,,,,0
2865,舒米恩,Solo / Group,,,,0
2866,趙小兵,Solo / Group,,,,0
2867,何歡浪,Solo / Group,,,,0
2868,杜歌,Solo / Group,,,,0
2869,剛澤斌,Solo / Group,,,,0
2870,碧娜,Solo / Group,,,,0
2871,謝鳴+燕子,Solo / Group,,,,0
2872,杭天祺,Solo / Group,,,,0
2873,郭峻華,Solo / Group,,,,0
2874,沈世愛,Solo / Group,,,,0
2875,胡瓜,Solo / Group,,,,0
2876,何宗龍,Solo / Group,,,,0
2877,葉秉恒,Solo / Group,,,,0
2878,莫宰羊,Indie / Global,,,,0
2879,G5SH,Indie / Global,,,,0
2880,老莫 ILL MO,Indie / Global,,,,0
2881,亞細亞曠世奇才,Solo / Group,,,,0
2882,阿吉太組合,Solo / Group,,,,0
2883,彭嬿+陳紫苑,Solo / Group,,,,0
2884,陳紫苑,Solo / Group,,,,0
2885,戴美玉,Solo / Group,,,,0
2886,王美蓉,Solo / Group,,,,0
2887,左政+王鳳珠,Solo / Group,,,,0
2888,曾明珠,Solo / Group,,,,0
2889,宋瑞梅+陳耀來,Solo / Group,,,,0
2890,鄧百成,Solo / Group,,,,0
2891,徐忠耀,Solo / Group,,,,0
2892,李秋霞,Solo / Group,,,,0
2893,張振坤,Solo / Group,,,,0
2894,王孝君,Solo / Group,,,,0
2895,林志炫+王渝,Solo / Group,,,,0
2896,陳志明,Solo / Group,,,,0
2897,彭席彥+弗蘭奇,Solo / Group,,,,0
2898,阿木古楞,Solo / Group,,,,0
2899,林子祥,Solo / Group,,,,0
2900,呂建忠,Solo / Group,,,,0
2901,崔愛蓮,Solo / Group,,,,0
2902,陳美齡,Solo / Group,,,,0
2903,古慧慧+合唱,Solo / Group,,,,0
2904,ET,Indie / Global,,,,0
2905,邵帥ShaoShuai,Indie / Global,,,,0
2906,邵雨薇,Indie / Global,,,,0
2907,邵豪,Indie / Global,,,,0
2908,邵干奇,Indie / Global,,,,0
2909,"ET, Happer, 無面小生 & 口古口古",Indie / Global,,,,0
2910,"邵帥ShaoShuai, 梁靖崑 & 王楚欽",Indie / Global,,,,0
2911,YOASOBI,Indie / Global,,,,0
2912,"井朧, 伯遠, 甘望星, 邵明明 & 吳宇恆",Indie / Global,,,,0
2913,邵大倫,Indie / Global,,,,0
2914,邵大倫 & 秀蘭瑪雅,Indie / Global,,,,0
2915,潤少,Indie / Global,,,,0
2916,邵帥ShaoShuai & 要不要買菜,Indie / Global,,,,0
2917,邵偉龍,Indie / Global,,,,0
2918,Shao Rong,Indie / Global,,,,0
2919,邵羽,Indie / Global,,,,0
2920,邵麗棠,Indie / Global,,,,0
2921,邵勸明,Indie / Global,,,,0
2922,房祖名,Indie / Global,,,,0
2923,龔詩嘉,Indie / Global,,,,0
2924,龔淑均,Indie / Global,,,,0
2925,埃絲特・阿布拉米 & 金・巴比爾,Indie / Global,,,,0
2926,家家,Indie / Global,,,,0
2927,龔子婕JessieG,Indie / Global,,,,0
2928,龔芝怡,Indie / Global,,,,0
2929,"青蛙, KUNG 龔敬文, SheATH & 西屯純愛組",Indie / Global,,,,0
2930,龔一,Indie / Global,,,,0
2931,龔鈺祺,Indie / Global,,,,0
2932,龔琳娜,Indie / Global,,,,0
2933,Christine Welch,Indie / Global,,,,0
2934,Juice Boy,Indie / Global,,,,0
2935,許志安 & 許慧欣,Indie / Global,,,,0
2936,万妮達,Indie / Global,,,,0
2937,張靚穎+劉宇寧,Solo / Group,,,,0
2938,A-Lin+瞿穎+吳優,Solo / Group,,,,0
2939,蘇小夜,Solo / Group,,,,0
2940,以團之名,Solo / Group,,,,0
2941,楊哲+楊靜,Solo / Group,,,,0
2942,大歡,Solo / Group,,,,0
2943,傑克+邱芸子,Solo / Group,,,,0
2944,小曼,Solo / Group,,,,0
2945,莊心妍+海哲明,Solo / Group,,,,0
2946,傅振輝+鄧詠家,Solo / Group,,,,0
2947,陳怡婷,Solo / Group,,,,0
2948,克麗絲叮Christine,Solo / Group,,,,0
2949,祁隆,Solo / Group,,,,0
2950,彭清,Solo / Group,,,,0
2951,那英+莫文蔚,Solo / Group,,,,0
2952,于佰萬,Solo / Group,,,,0
2953,藝凌,Solo / Group,,,,0
2954,DIOR大穎,Solo / Group,,,,0
2955,Crispy脆樂團,Solo / Group,,,,0
2956,深海魚子醬,Solo / Group,,,,0
2957,溫瀚龍+王秀琪,Solo / Group,,,,0
2958,王海玲,Solo / Group,,,,0
2959,金欣文藝部,Solo / Group,,,,0
2960,陳泇均,Solo / Group,,,,0
2961,神棍樂團,Solo / Group,,,,0
2962,劉庭羽+蒲巴甲,Solo / Group,,,,0
2963,楊不乖,Solo / Group,,,,0
2964,林可昕,Solo / Group,,,,0
2965,劉鳳枝,Solo / Group,,,,0
2966,雲朵,Solo / Group,,,,0
2967,何嘉文,Solo / Group,,,,0
2968,59+9高校生,Solo / Group,,,,0
2969,599高校生,Solo / Group,,,,0
2970,豬哥亮,Solo / Group,,,,0
2971,楊宗憲,Solo / Group,,,,0
2972,尤美,Solo / Group,,,,0
2973,王佳音Sgr,Solo / Group,,,,0
2974,安琪娜,Solo / Group,,,,0
2975,Rom邢銳,Solo / Group,,,,0
2976,高安,Solo / Group,,,,0
2977,CHRISTINE,Solo / Group,,,,0
2978,周晏伊,Solo / Group,,,,0
2979,趙洋,Solo / Group,,,,0
2980,高向鵬+龍千玉,Solo / Group,,,,0
2981,張蓉蓉+對唱,Solo / Group,,,,0
2982,59.9高校生,Solo / Group,,,,0
2983,李晨,Solo / Group,,,,0
2984,王萊+蔡茗淇,Solo / Group,,,,0
2985,蔡振南,Indie / Global,,,,0
2986,coco-木子文,Indie / Global,,,,0
2987,MC HOTDOG & 張震嶽,Indie / Global,,,,0
2988,"河南說唱之神, LSGCsikoriot & 呂富貴",Indie / Global,,,,0
2989,REX,Indie / Global,,,,0
2990,Lady Gaga & 布萊德利・庫柏,Indie / Global,,,,0
2991,ZENBØ,Indie / Global,,,,0
2992,阿夫Suhf,Indie / Global,,,,0
2993,盧律銘,Indie / Global,,,,0
2994,Gummy B,Indie / Global,,,,0
2995,Quanzo,Indie / Global,,,,0
2996,沒有才能,Indie / Global,,,,0
2997,吳思賢 & Dena,Indie / Global,,,,0
2998,FRαNKIE阿法,Indie / Global,,,,0
2999,PumpZ,Indie / Global,,,,0
3000,"鄭伊健, 陳小春, 謝天華, 錢嘉樂 & 林曉峰",Indie / Global,,,,0
3001,小卡比,Indie / Global,,,,0
3002,好樂團,Indie / Global,,,,0
3003,錢潤玉,Indie / Global,,,,0
3004,God Øne,Indie / Global,,,,0
3005,珂拉琪 Collage,Indie / Global,,,,0
3006,29 Groove,Indie / Global,,,,0
3007,河南說唱之神,Indie / Global,,,,0
3008,Green Father比杰,Indie / Global,,,,0
3009,馬克SAVAGE.M,Indie / Global,,,,0
3010,廣東雨神,Solo / Group,,,,0
3011,孫輝,Solo / Group,,,,0
3012,曼怡,Solo / Group,,,,0
3013,陳建誠,Solo / Group,,,,0
3014,俞隆華,Solo / Group,,,,0
3015,郭大誠,Solo / Group,,,,0
3016,彭月春,Solo / Group,,,,0
3017,方婉真,Solo / Group,,,,0
3018,林小虎,Solo / Group,,,,0
3019,江銘,Solo / Group,,,,0
3020,高明信,Solo / Group,,,,0
3021,甘奇靈,Solo / Group,,,,0
3022,李天良,Solo / Group,,,,0
3023,吳秀珠,Solo / Group,,,,0
3024,曾信義,Solo / Group,,,,0
3025,李芊慧,Solo / Group,,,,0
3026,雷龍,Solo / Group,,,,0
3027,QS組合,Solo / Group,,,,0
3028,朱貝貝,Solo / Group,,,,0
3029,覃元隆,Solo / Group,,,,0
3030,林海峰,Solo / Group,,,,0
3031,燕子,Solo / Group,,,,0
3032,龍梅子,Solo / Group,,,,0
3033,巫啟賢+小康,Solo / Group,,,,0
3034,嚴藝丹,Indie / Global,,,,0
3035,嚴爵 & PEACE,Indie / Global,,,,0
3036,佛光山梵唄讚頌團,Indie / Global,,,,0
3037,嚴爵 & 五月天 阿信,Indie / Global,,,,0
3038,Kanho Yakushiji & Kissaquo,Indie / Global,,,,0
3039,釋見睹,Indie / Global,,,,0
3040,黃慧音 & 蔡豫,Indie / Global,,,,0
3041,"許智皓, 嚴啟榮, 鄭世成, 陶美惠, 蔡欣潔 & 林頌安",Indie / Global,,,,0
3042,SutraBar,Indie / Global,,,,0
3043,嚴爵 & 劉若英,Indie / Global,,,,0
3044,MP魔幻力量 & 嚴爵,Indie / Global,,,,0
3045,丁噹 & 嚴爵,Indie / Global,,,,0
3046,嚴爵 & 郭雪芙,Indie / Global,,,,0
3047,空行者 Void Walker,Indie / Global,,,,0
3048,成毅 & 嚴藝丹,Indie / Global,,,,0
3049,金志文,Indie / Global,,,,0
3050,金泰亨,Indie / Global,,,,0
3051,金泰亨 & 朴孝信,Indie / Global,,,,0
3052,Céline Dion,Indie / Global,,,,0
3053,金泰亨 & Jin,Indie / Global,,,,0
3054,金世正,Indie / Global,,,,0
3055,成龍 & 金喜善,Indie / Global,,,,0
3056,金莎 & 林俊傑,Indie / Global,,,,0
3057,Roy Kim & EZ Kim,Indie / Global,,,,0
3058,曲婉婷,Indie / Global,,,,0
3059,Roy Kim,Indie / Global,,,,0
3060,金亞中,Indie / Global,,,,0
3061,Céline Dion & Peabo Bryson,Indie / Global,,,,0
3062,周柏豪,Indie / Global,,,,0
3063,孫郎朗,Solo / Group,,,,0
3064,張靚穎+汪蘇瀧,Solo / Group,,,,0
3065,十七草+石璽彤+徐夢圓,Solo / Group,,,,0
3066,方順吉+蔡宜汝,Solo / Group,,,,0
3067,春麵樂隊,Solo / Group,,,,0
3068,派偉俊+陳華,Solo / Group,,,,0
3069,于珊珊,Solo / Group,,,,0
3070,一明,Solo / Group,,,,0
3071,吳素卿,Solo / Group,,,,0
3072,邱玉春+沈瑞堂,Solo / Group,,,,0
3073,旅行新蜜蜂,Solo / Group,,,,0
3074,麥瑋婷,Solo / Group,,,,0
3075,藍山,Solo / Group,,,,0
3076,玟伶,Solo / Group,,,,0
3077,黃千芳+徐木珍,Solo / Group,,,,0
3078,于姍姍,Solo / Group,,,,0
3079,川中美幸,Solo / Group,,,,0
3080,七郎+林玉英,Solo / Group,,,,0
3081,刺客樂團,Solo / Group,,,,0
3082,郭建一+陳思安,Solo / Group,,,,0
3083,郭蘭英,Solo / Group,,,,0
3084,許冠傑+張國榮,Solo / Group,,,,0
3085,李琦,Solo / Group,,,,0
3086,葉啟田+對唱,Solo / Group,,,,0
3087,七朵花+183Club,Solo / Group,,,,0
3088,林文隆,Solo / Group,,,,0
3089,GAI & 霧都L4WUDU,Indie / Global,,,,0
3090,DP龍豬,Indie / Global,,,,0
3091,Tsukiko Amano,Indie / Global,,,,0
3092,坂本龍一,Indie / Global,,,,0
3093,"呂佩玉, 高凡莊, 陳姿妤 & 吳爾笠",Indie / Global,,,,0
3094,"DP龍豬, 王雲宏 & 陷阱表哥",Indie / Global,,,,0
3095,欣暐,Indie / Global,,,,0
3096,龍千玉 & 蔡小虎,Indie / Global,,,,0
3097,唐儷 & 陳隨意,Indie / Global,,,,0
3098,Jhené Aiko,Indie / Global,,,,0
3099,"DP龍豬, Swei水 & Rays陳袁",Indie / Global,,,,0
3100,Heize,Indie / Global,,,,0
3101,龍俊亨,Indie / Global,,,,0
3102,麥浚龍 & 謝安琪,Indie / Global,,,,0
3103,"TY., 鄧典果DDG, 李爾新 & DP龍豬",Indie / Global,,,,0
3104,伍珈慧,Solo / Group,,,,0
3105,謝宜君+葉諾帆,Solo / Group,,,,0
3106,關正傑+關菊英,Solo / Group,,,,0
3107,龍哥,Solo / Group,,,,0
3108,李怡慧,Solo / Group,,,,0
3109,廖麗雅,Solo / Group,,,,0
3110,昇遑,Solo / Group,,,,0
3111,廖桂英,Solo / Group,,,,0
3112,胡泉雄+黃玉春,Solo / Group,,,,0
3113,紀寶如,Solo / Group,,,,0
3114,曲祐良,Solo / Group,,,,0
3115,高雅如,Solo / Group,,,,0
3116,李小飛,Solo / Group,,,,0
3117,溫瀚龍,Solo / Group,,,,0
3118,宋逸民,Solo / Group,,,,0
3119,李惠樺,Solo / Group,,,,0
3120,宋祖英,Solo / Group,,,,0
3121,高雅如+葉文吉,Solo / Group,,,,0
3122,宋逸民+韓瑜,Solo / Group,,,,0
3123,張明敏,Solo / Group,,,,0
3124,林素雲,Solo / Group,,,,0
3125,孫嘉敏,Solo / Group,,,,0
3126,朱漪汶,Solo / Group,,,,0
3127,阿冗,Indie / Global,,,,0
3128,魔力紅樂團,Indie / Global,,,,0
3129,五月天 阿信,Indie / Global,,,,0
3130,憐樂,Indie / Global,,,,0
3131,李明洋+翁立友,Solo / Group,,,,0
3132,一綾+怡君,Solo / Group,,,,0
3133,侯美儀,Solo / Group,,,,0
3134,李明洋+蔡承融,Solo / Group,,,,0
3135,Under Lover,Solo / Group,,,,0
3136,庭竹,Solo / Group,,,,0
3137,Gambler+潤少,Solo / Group,,,,0
3138,章孬玩,Solo / Group,,,,0
3139,韋禮安+八三夭劉逼,Solo / Group,,,,0
3140,阿貴,Solo / Group,,,,0
3141,又仁,Solo / Group,,,,0
3142,郭忠祐,Solo / Group,,,,0
3143,陳言寧,Solo / Group,,,,0
3144,高向鵬+鄧詠家,Solo / Group,,,,0
3145,HengJones+BARDI+Dern+HiJay+lil White,Solo / Group,,,,0
3146,鄧詠家,Solo / Group,,,,0
3147,布萊克薛薛,Solo / Group,,,,0
3148,七郎+鄧詠家,Solo / Group,,,,0
3149,賴慧如+陳麒安,Solo / Group,,,,0
3150,Sunny陳儀瑾+洪敬堯,Solo / Group,,,,0
3151,藍心羽,Solo / Group,,,,0
3152,黃春美,Solo / Group,,,,0
3153,嬛嬛+撞克茫客樂團,Solo / Group,,,,0
3154,王泓昊,Solo / Group,,,,0
3155,陳零九+郭雪芙,Solo / Group,,,,0
3156,王俊清,Solo / Group,,,,0
3157,羅添洲,Solo / Group,,,,0
3158,阿錡,Solo / Group,,,,0
3159,羅添州,Solo / Group,,,,0
3160,華昇,Solo / Group,,,,0
3161,周杰倫+洪榮宏,Solo / Group,,,,1
3162,梁瀚壬,Solo / Group,,,,0
3163,翰子,Solo / Group,,,,0
3164,朱瑋萱+林姿綺,Solo / Group,,,,0
3165,林怡涵,Solo / Group,,,,0
3166,湯子瑩,Solo / Group,,,,0
3167,朱瑋萱,Solo / Group,,,,0
3168,徐筱寧,Solo / Group,,,,0
3169,萬梓良,Solo / Group,,,,0
3170,林秀英,Solo / Group,,,,0
3171,阿帕隊,Solo / Group,,,,0
3172,張靚穎+希林娜依•高,Solo / Group,,,,0
3173,黃西田+李芊慧,Solo / Group,,,,0
3174,張燕清+蔡宜芩,Solo / Group,,,,0
3175,陳豪,Solo / Group,,,,0
3176,蔡鳳凰+楊鳴,Solo / Group,,,,0
3177,朱哲琴,Solo / Group,,,,0
3178,文鴻,Solo / Group,,,,0
3179,鍾年修,Solo / Group,,,,0
3180,陳雨霈,Solo / Group,,,,0
3181,鄭智化,Solo / Group,,,,0
3182,李炳輝,Solo / Group,,,,0
3183,小藍背心,Indie / Global,,,,0
3184,DJ小魚兒,Indie / Global,,,,0
3185,MIKA STUDIO,Indie / Global,,,,0
3186,MONGOL800,Indie / Global,,,,0
3187,冷漠+秋褲大叔,Solo / Group,,,,0
3188,民雄,Solo / Group,,,,0
3189,張魁,Solo / Group,,,,0
3190,張政雄+薛珮潔,Solo / Group,,,,0
3191,百慕三石,Solo / Group,,,,0
3192,池宇菲,Solo / Group,,,,0
3193,左小祖咒,Solo / Group,,,,0
3194,163braces,Solo / Group,,,,0
3195,阿杜+林俊傑,Solo / Group,,,,0
3196,蘇有朋,Solo / Group,,,,0
3197,思衛+鄭中基,Solo / Group,,,,0
3198,楊丞琳+焦邁奇+鄧見超,Solo / Group,,,,0
3199,大張偉+焦邁奇,Solo / Group,,,,0
3200,閻妍+阿力普,Solo / Group,,,,0
3201,蔣雪璇,Solo / Group,,,,0
3202,思衛 SWAY+鄭中基,Solo / Group,,,,0
3203,王思佳+蕭景鴻,Solo / Group,,,,0
3204,向夢園+徐木子,Solo / Group,,,,0
3205,權美妮,Solo / Group,,,,0
3206,高向鵬,Solo / Group,,,,0
3207,葛雨晴,Solo / Group,,,,0
3208,毛鵬懿 Mao,Solo / Group,,,,0
3209,Leshia樂夏,Solo / Group,,,,0
3210,李春波,Solo / Group,,,,0
3211,金銘,Solo / Group,,,,0
3212,梁藝騫,Solo / Group,,,,0
3213,歐得洋+蔡淳佳,Solo / Group,,,,0
3214,楊燕+青山,Solo / Group,,,,0
3215,服部浩子,Solo / Group,,,,0
3216,黃意翔,Solo / Group,,,,0
3217,龐龍+馬楠,Solo / Group,,,,0
3218,韓舟,Solo / Group,,,,0
3219,吳耀福,Solo / Group,,,,0
3220,孫佩林,Solo / Group,,,,0
3221,鄔兆邦,Solo / Group,,,,0
3222,李昭儀,Solo / Group,,,,0
3223,杜忻恬,Solo / Group,,,,0
3224,林俊傑+蔡卓妍,Solo / Group,,,,0
3225,麥小兜+朱賀,Solo / Group,,,,0
3226,橘子妹,Solo / Group,,,,0
3227,周予天,Solo / Group,,,,0
3228,李小貝,Solo / Group,,,,0
3229,王巨星,Solo / Group,,,,0
3230,浩子+蔡家蓁,Solo / Group,,,,0
3231,王敏淳,Solo / Group,,,,0
3232,動靜樂團,Solo / Group,,,,0
3233,蘇芯慧,Solo / Group,,,,0
3234,吳俊宏+廖婉君,Solo / Group,,,,0
3235,鄭魚,Solo / Group,,,,0
3236,王奕萌,Solo / Group,,,,0
3237,xxxmiracle,Solo / Group,,,,0
3238,林采欣,Solo / Group,,,,0
3239,同理,Solo / Group,,,,0
3240,甜約翰+魏如萱,Solo / Group,,,,0
3241,趙希予,Solo / Group,,,,0
3242,許書豪+韋禮安,Solo / Group,,,,0
3243,寂悸,Solo / Group,,,,0
3244,蔡義德+沈玉琳,Solo / Group,,,,0
3245,金志學,Solo / Group,,,,0
3246,王七七,Solo / Group,,,,0
3247,二薇,Solo / Group,,,,0
3248,樊凡,Solo / Group,,,,0
3249,安懂,Solo / Group,,,,0
3250,童可可,Solo / Group,,,,0
3251,洪麟+美黛,Solo / Group,,,,0
3252,憶如,Solo / Group,,,,0
3253,洪一峰,Solo / Group,,,,0
3254,潘氏兄妹,Solo / Group,,,,0
3255,陳玫綺,Solo / Group,,,,0
3256,南台灣小姑娘,Solo / Group,,,,0
3257,超口愛樂團,Solo / Group,,,,0
3258,張露,Solo / Group,,,,0
3259,林詩達,Solo / Group,,,,0
3260,干露露,Solo / Group,,,,0
3261,郭玲,Solo / Group,,,,0
3262,至上勵合,Solo / Group,,,,0
3263,木吉他合唱團,Solo / Group,,,,0
3264,紅脈組合,Solo / Group,,,,0
3265,關菊英,Solo / Group,,,,0
3266,梁心碩,Solo / Group,,,,0
3267,糜先生,Solo / Group,,,,0
3268,包美聖,Solo / Group,,,,0
3269,李愛綺+蕭閎仁,Solo / Group,,,,0
3270,GooGoo,Indie / Global,,,,0
3271,The Chainsmokers & Coldplay,Indie / Global,,,,0
3272,Dua Lipa,Indie / Global,,,,0
3273,DAOKO×米津玄師,Indie / Global,,,,0
3274,柴克艾弗 & Zendaya,Indie / Global,,,,0
3275,大泫,Indie / Global,,,,0
3276,IVE,Indie / Global,,,,0
3277,"Silk City, Dua Lipa",Indie / Global,,,,0
3278,Kep1er,Indie / Global,,,,0
3279,大籽,Indie / Global,,,,0
3280,Official鬍子男dism,Indie / Global,,,,0
3281,Hailee Steinfeld & Alesso,Indie / Global,,,,0
3282,Camila Cabello,Indie / Global,,,,0
3283,Kygo,Indie / Global,,,,0
3284,久石讓 & 井上あずみ,Indie / Global,,,,0
3285,草蜢,Solo / Group,,,,0
3286,小O,Solo / Group,,,,0
3287,吳美琳,Solo / Group,,,,0
3288,高炎+張晨光,Solo / Group,,,,0
3289,陳偉聯,Solo / Group,,,,0
3290,李子恆,Solo / Group,,,,0
3291,詹宇琦,Solo / Group,,,,0
3292,黃韻玲,Solo / Group,,,,0
3293,Supper Moment,Solo / Group,,,,0
3294,蓮歌子,Solo / Group,,,,0
3295,金池,Solo / Group,,,,0
3296,伊格賽聽+蘇星婕,Solo / Group,,,,0
3297,CreamD+俞天時,Solo / Group,,,,0
3298,馬賽克樂隊,Solo / Group,,,,0
3299,黃鶴,Solo / Group,,,,0
3300,邢晗銘+郭沁,Solo / Group,,,,0
3301,楊和蘇,Solo / Group,,,,0
3302,火風,Solo / Group,,,,0
3303,草東沒有派對,Solo / Group,,,,0
3304,呂士軒+Trout Fresh+黃宣,Solo / Group,,,,0
3305,林瑪黛,Solo / Group,,,,0
3306,化學猴子,Solo / Group,,,,0
3307,阿達+玖壹壹 春風+楊銘威,Solo / Group,,,,0
3308,傑克,Solo / Group,,,,0
3309,徐承邦,Solo / Group,,,,0
3310,金貴晟+艾怡良,Solo / Group,,,,0
3311,吳瑭+覆予,Solo / Group,,,,0
3312,楊哲+談詩玲,Solo / Group,,,,0
3313,李子森,Solo / Group,,,,0
3314,DAPUN大胖,Solo / Group,,,,0
3315,攬佬SKAI ISYOURGOD+AR,Solo / Group,,,,0
3316,放射空間,Solo / Group,,,,0
3317,胡雯,Solo / Group,,,,0
3318,丘丘合唱團,Solo / Group,,,,0
3319,李慧敏,Solo / Group,,,,0
3320,方鈴+許金萊,Solo / Group,,,,0
3321,林清國,Solo / Group,,,,0
3322,莊明樹+莊明惠,Solo / Group,,,,0
3323,帥霖+大哲,Solo / Group,,,,0
3324,Y.I.Y.O,Solo / Group,,,,0
3325,心年,Solo / Group,,,,0
3326,賴美玲,Solo / Group,,,,0
3327,王鳳珠,Solo / Group,,,,0
3328,鍾明育,Solo / Group,,,,0
3329,李亞明,Solo / Group,,,,0
3330,張一喬,Solo / Group,,,,0
3331,Bridge,Solo / Group,,,,0
3332,藍聖文,Solo / Group,,,,0
3333,冠二郎,Solo / Group,,,,0
3334,于立成+曾治豪,Solo / Group,,,,0
3335,呂士軒+黃宣,Solo / Group,,,,0
3336,洛天依,Solo / Group,,,,0
3337,于潼,Solo / Group,,,,0
3338,馮可涵-Kira,Solo / Group,,,,0
3339,范茹,Solo / Group,,,,0
3340,吳青峰+MaîtriseSaint-Marc-LesChoristes,Solo / Group,,,,1
3341,ㄚ蛋蛋,Solo / Group,,,,0
3342,都はるみ,Solo / Group,,,,0
3343,田端義夫,Solo / Group,,,,0
3344,1個球,Solo / Group,,,,0
3345,于洋,Solo / Group,,,,0
3346,阮妍霏,Solo / Group,,,,0
3347,袁小迪+郭和平,Solo / Group,,,,0
3348,琳誼+怕胖團,Solo / Group,,,,0
3349,羅莎莎,Solo / Group,,,,0
3350,李權哲,Solo / Group,,,,0
3351,陳芳語+茄子蛋阿斌,Solo / Group,,,,1
3352,萬豹,Solo / Group,,,,0
3353,燕棲,Solo / Group,,,,0
3354,王心淩,Solo / Group,,,,0
3355,是二智呀,Solo / Group,,,,0
3356,高向鵬+傅振輝,Solo / Group,,,,0
3357,翔允Danny,Solo / Group,,,,0
3358,阿廈,Solo / Group,,,,0
3359,楊臣剛,Solo / Group,,,,0
3360,王啟文,Solo / Group,,,,0
3361,陳寶蓮,Solo / Group,,,,0
3362,黃名偉,Solo / Group,,,,0
3363,劉愷威,Solo / Group,,,,0
3364,趙曉潭,Solo / Group,,,,0
3365,丁于+對唱,Solo / Group,,,,0
3366,顏志文,Solo / Group,,,,0
3367,頑GAME+口一口,Solo / Group,,,,0
3368,傅佩嘉,Solo / Group,,,,0
3369,呂士軒+Trout Fresh+Yellow黃宣,Solo / Group,,,,0
3370,傅振輝+高向鵬,Solo / Group,,,,0
3371,棒棒糖,Solo / Group,,,,0
3372,王以太 & 艾熱AIR,Indie / Global,,,,0
3373,童丽 Tong Li,Indie / Global,,,,0
3374,Whyte,Indie / Global,,,,0
3375,貴族音樂寶寶,Indie / Global,,,,0
3376,來一碗老于,Indie / Global,,,,0
3377,法老,Indie / Global,,,,0
3378,陳建年,Indie / Global,,,,0
3379,MC 張天賦,Indie / Global,,,,0
3380,Elvis Aron Presley,Indie / Global,,,,0
3381,Skeeter Davis,Indie / Global,,,,0
3382,老狼,Indie / Global,,,,0
3383,黃明志+王光芳,Solo / Group,,,,0
3384,陳秀美,Solo / Group,,,,0
3385,陳凱欣,Solo / Group,,,,0
3386,郁峯,Solo / Group,,,,0
3387,迪克牛仔+弦子,Solo / Group,,,,0
3388,七字輩,Solo / Group,,,,0
3389,Zip,Solo / Group,,,,0
3390,謝銘祐,Solo / Group,,,,0
3391,田一龍,Solo / Group,,,,0
3392,朱德寶,Solo / Group,,,,0
3393,黃明志 NAMEWEE+王光芳,Solo / Group,,,,0
3394,陳政文,Solo / Group,,,,0
3395,吳俊宏+黃思婷,Solo / Group,,,,0
3396,閩南狼PYC,Solo / Group,,,,0
3397,王不醒,Solo / Group,,,,0
3398,施文彬+平民百姓,Solo / Group,,,,0
3399,江楓,Solo / Group,,,,0
3400,曲肖冰+半陽,Solo / Group,,,,0
3401,劉家良+史宗倫+楊博文+鐘欣+崔三金,Solo / Group,,,,0
3402,海倫,Solo / Group,,,,0
3403,翁立友+董育君,Solo / Group,,,,0
3404,趙照,Solo / Group,,,,0
3405,李杰明,Solo / Group,,,,0
3406,童立安,Solo / Group,,,,0
3407,老鬼團,Solo / Group,,,,0
3408,黃明志+蒼井空,Solo / Group,,,,0
3409,蔡亞玲,Solo / Group,,,,0
3410,米淇林,Solo / Group,,,,0
3411,七郎+張麗君,Solo / Group,,,,0
3412,竹間也,Solo / Group,,,,0
3413,范美敏,Solo / Group,,,,0
3414,范美敏+宋永謙,Solo / Group,,,,0
3415,三仁田,Solo / Group,,,,0
3416,柯婉樺,Solo / Group,,,,0
3417,安琪,Solo / Group,,,,0
3418,葉諾帆+秀蘭瑪雅,Solo / Group,,,,0
3419,吳俅,Solo / Group,,,,0
3420,兒童合唱團,Solo / Group,,,,0
3421,李茂山,Solo / Group,,,,0
3422,石喬+美君,Solo / Group,,,,0
3423,石喬+殷麗雲,Solo / Group,,,,0
3424,黃西田+方瑞娥,Solo / Group,,,,0
3425,七郎+蘇芯慧,Solo / Group,,,,0
3426,砰砰樂團,Solo / Group,,,,0
3427,虞澄慶,Solo / Group,,,,0
3428,J.Sheon+瘦子E.SO,Solo / Group,,,,0
3429,黃明志+蒼井空 Aoi Sola,Solo / Group,,,,0
3430,大魚,Solo / Group,,,,0
3431,南風,Solo / Group,,,,0
3432,李佳歡 Kaia Lee,Solo / Group,,,,0
3433,李曉杰,Solo / Group,,,,0
3434,李昂,Solo / Group,,,,0
3435,楊臣剛+香香,Solo / Group,,,,0
3436,謝銘佑,Solo / Group,,,,0
3437,張嘯,Solo / Group,,,,0
3438,歐陽菲菲,Solo / Group,,,,0
3439,薛凱琪+楊子姍+陳意涵,Solo / Group,,,,0
3440,伍佰+大鵬+李治廷,Solo / Group,,,,1
3441,Nicholas 張棟樑,Indie / Global,,,,0
3442,Ado,Indie / Global,,,,0
3443,叫吠音樂聯盟,Solo / Group,,,,0
3444,飛輪海+S.H.E,Solo / Group,,,,0
3445,佳虹+小璇,Solo / Group,,,,0
3446,黃新皓,Solo / Group,,,,0
3447,方皓玟,Solo / Group,,,,0
3448,江玲,Solo / Group,,,,0
3449,林俊吉+李依婷,Solo / Group,,,,0
3450,孔晨羽,Solo / Group,,,,0
3451,VAVA+Ty.+王倩倩,Solo / Group,,,,0
3452,鍾可欣,Solo / Group,,,,0
3453,棠星琪,Solo / Group,,,,0
3454,張震嶽+吳克群+潘瑋柏+ICE,Solo / Group,,,,0
3455,衝擊力樂隊,Solo / Group,,,,0
3456,冷漠+晨熙,Solo / Group,,,,0
3457,方順吉+陳雪萍,Solo / Group,,,,0
3458,吳蕙君,Solo / Group,,,,0
3459,李澤堅,Solo / Group,,,,0
3460,Li敖,Solo / Group,,,,0
3461,辛莉恩+劉珂,Solo / Group,,,,0
3462,李斯丹妮+張雨綺+黃齡,Solo / Group,,,,0
3463,何以奇,Solo / Group,,,,0
3464,灰田勝彦,Solo / Group,,,,0
3465,蔡宇鍹,Solo / Group,,,,0
3466,陳淑芳,Solo / Group,,,,0
3467,張珍瑜,Solo / Group,,,,0
3468,張漢朝,Solo / Group,,,,0
3469,顧莉雅,Solo / Group,,,,0
3470,錢幽蘭,Solo / Group,,,,0
3471,陳盈潔+對唱,Solo / Group,,,,0
3472,李宗盛+潘越雲,Solo / Group,,,,0
3473,雷智皓,Solo / Group,,,,0
3474,VAVA+合唱,Solo / Group,,,,0
3475,廖婉君+吳俊宏,Solo / Group,,,,0
3476,路秀蘭,Solo / Group,,,,0
3477,夏宇童,Solo / Group,,,,0
3478,黃三元+文鶯,Solo / Group,,,,0
3479,林在福,Solo / Group,,,,0
3480,劉桂雯,Solo / Group,,,,0
3481,平原綾香,Solo / Group,,,,0
3482,霧島昇+二葉あき子,Solo / Group,,,,0
3483,張瀛仁,Solo / Group,,,,0
3484,憂歡派對+小虎隊,Solo / Group,,,,0
3485,葉歡,Solo / Group,,,,0
3486,大木英子+津山洋子,Solo / Group,,,,0
3487,孫子涵,Indie / Global,,,,0
3488,徐暐翔,Indie / Global,,,,0
3489,李佳歡,Indie / Global,,,,0
3490,wannasleep,Indie / Global,,,,0
3491,大黒摩季,Indie / Global,,,,0
3492,黑旋風,Indie / Global,,,,0
3493,Tizzy T,Indie / Global,,,,0
3494,PPlin 林芃逸,Indie / Global,,,,0
3495,脆樂團,Indie / Global,,,,0
3496,赤楊,Indie / Global,,,,0
3497,白歆惠,Solo / Group,,,,0
3498,朱孝天,Solo / Group,,,,0
3499,陳如山,Solo / Group,,,,0
3500,張與辰,Solo / Group,,,,0
3501,蔡欣儀,Solo / Group,,,,0
3502,Li-2c,Solo / Group,,,,0
3503,超音界,Solo / Group,,,,0
3504,施文彬+黑面,Solo / Group,,,,0
3505,紅花樂團,Solo / Group,,,,0
3506,陳有娜+朱德寶,Solo / Group,,,,0
3507,施文彬+武雄,Solo / Group,,,,0
3508,痞客四,Solo / Group,,,,0
3509,二胖u,Solo / Group,,,,0
3510,莫文蔚+竇靖童,Solo / Group,,,,0
3511,彭忠豪,Solo / Group,,,,0
3512,安苡葳,Solo / Group,,,,0
3513,魏嘉榆,Solo / Group,,,,0
3514,Froggy+Aioz,Solo / Group,,,,0
3515,忘年計畫,Solo / Group,,,,0
3516,陳零九+邱鋒澤,Solo / Group,,,,0
3517,玖壹壹+黃立成,Solo / Group,,,,0
3518,王愛華,Solo / Group,,,,0
3519,陶喆+A-Lin,Solo / Group,,,,0
3520,聲林之王群星,Solo / Group,,,,0
3521,威仔,Solo / Group,,,,0
3522,王淋,Solo / Group,,,,0
3523,ME2,Solo / Group,,,,0
3524,陳雅文,Solo / Group,,,,0
3525,神野美伽,Solo / Group,,,,0
3526,張碧晨+毛不易,Solo / Group,,,,1
3527,林合和,Solo / Group,,,,0
3528,林順珠,Solo / Group,,,,0
3529,田震,Solo / Group,,,,0
3530,余天+陳盈潔,Solo / Group,,,,0
3531,白薇薇+五花瓣合唱團,Solo / Group,,,,0
3532,施文彬+黑面(林郁順),Solo / Group,,,,0
3533,林姿君,Solo / Group,,,,0
3534,方逸華,Solo / Group,,,,0
3535,林俊傑+五月天,Solo / Group,,,,0
3536,K佬,Solo / Group,,,,0
3537,大美,Solo / Group,,,,0
3538,棒棒堂+黑澀會美眉,Solo / Group,,,,0
3539,林俊傑+五月天阿信,Solo / Group,,,,1
3540,湯蘭花,Solo / Group,,,,0
3541,麗娜,Solo / Group,,,,0
3542,周筆暢,Solo / Group,,,,0
3543,棒棒糖+黑澀會美眉,Solo / Group,,,,0
3544,林俊傑+阿信,Solo / Group,,,,1
3545,罗言R,Indie / Global,,,,0
3546,Little Glee Monster,Indie / Global,,,,0
3547,唐貓,Indie / Global,,,,0
3548,羽伶,Indie / Global,,,,0
3549,韓紅 & 林俊傑,Indie / Global,,,,0
3550,魔力紅樂團 & Megan Thee Stallion,Indie / Global,,,,0
3551,Linked Horizon,Indie / Global,,,,0
3552,Akano,Indie / Global,,,,0
3553,Ed Sheeran,Indie / Global,,,,0
3554,陳奕珊,Solo / Group,,,,0
3555,蒲庭龍+蘇宥蓉,Solo / Group,,,,0
3556,孟庭葦,Solo / Group,,,,0
3557,沈文程+詹雅雯,Solo / Group,,,,0
3558,李盈萱,Solo / Group,,,,0
3559,羅文聰+林良歡,Solo / Group,,,,0
3560,ちあきなおみ,Solo / Group,,,,0
3561,余天龍+青迎,Solo / Group,,,,0
3562,王梓钰,Solo / Group,,,,0
3563,江映蓉+李藝彤,Solo / Group,,,,0
3564,杜德偉+朱嘉琦+范世琦+曾比特,Solo / Group,,,,0
3565,陳瑞+冷漠,Solo / Group,,,,0
3566,李克勤+周筆暢,Solo / Group,,,,0
3567,吳俊宏+唐儷,Solo / Group,,,,0
3568,等什麼君,Solo / Group,,,,0
3569,呂明銀,Solo / Group,,,,0
3570,謝采吟,Solo / Group,,,,0
3571,劉家芳,Solo / Group,,,,0
3572,金天,Solo / Group,,,,0
3573,鑫鑫,Solo / Group,,,,0
3574,楊紫惠,Solo / Group,,,,0
3575,元冠+曾思瑜,Solo / Group,,,,0
3576,王峰,Solo / Group,,,,0
3577,羅時豐+張秀卿,Solo / Group,,,,0
3578,張國政,Solo / Group,,,,0
3579,江志美,Solo / Group,,,,0
3580,高寒,Solo / Group,,,,0
3581,卓靜芬,Solo / Group,,,,0
3582,林妤蓁,Solo / Group,,,,0
3583,吳漢書,Solo / Group,,,,0
3584,藤あや子,Solo / Group,,,,0
3585,翁虹,Solo / Group,,,,0
3586,洪瑋,Solo / Group,,,,0
3587,孟庭葦+李翊君,Solo / Group,,,,0
3588,游琦光,Solo / Group,,,,0
3589,催萍,Solo / Group,,,,0
3590,王識賢+陳亮吟,Solo / Group,,,,0
3591,尹昔眠,Solo / Group,,,,0
3592,雪十郎,Solo / Group,,,,0
3593,魚閃閃BLING,Solo / Group,,,,0
3594,江志豐+嬛嬛,Solo / Group,,,,0
3595,XJAPAN,Solo / Group,,,,0
3596,趙方婧,Solo / Group,,,,0
3597,許籃心,Solo / Group,,,,0
3598,龍軍,Solo / Group,,,,0
3599,姚大,Solo / Group,,,,0
3600,小虎隊,Solo / Group,,,,0
3601,夏心+王慧蓮,Solo / Group,,,,0
3602,蕭茂成+方鈴,Solo / Group,,,,0
3603,洪一鋒,Solo / Group,,,,0
3604,伊正,Solo / Group,,,,0
3605,汪子琳,Solo / Group,,,,0
3606,游小鳳,Solo / Group,,,,0
3607,李秀蘭,Solo / Group,,,,0
3608,何晴恩,Solo / Group,,,,0
3609,黃安,Solo / Group,,,,0
3610,梁煥波+楊銀花,Solo / Group,,,,0
3611,洪榮宏+蔡幸娟,Solo / Group,,,,0
3612,許石+愛卿,Solo / Group,,,,0
3613,王中平+甲子慧,Solo / Group,,,,0
3614,黃中原+傅薇,Solo / Group,,,,0
3615,石白其,Indie / Global,,,,0
3616,于冬然,Indie / Global,,,,0
3617,劉維,Indie / Global,,,,0
3618,Mrs. GREEN APPLE,Indie / Global,,,,0
3619,Sukimaswitch,Indie / Global,,,,0
3620,表情銀行,Indie / Global,,,,0
3621,Lefty Hand Cream,Indie / Global,,,,0
3622,慣性成癮,Indie / Global,,,,0
3623,理想後花園,Indie / Global,,,,0
3624,Jinto Yoshida,Indie / Global,,,,0
3625,米拉拉,Indie / Global,,,,0
3626,Yorushika,Indie / Global,,,,0
3627,Natural Healing,Indie / Global,,,,0
3628,AARON,Indie / Global,,,,0
3629,GENBLUE幻藍小熊,Indie / Global,,,,0
3630,元若藍 & 大Q秉洛,Indie / Global,,,,0
3631,劉思佳,Indie / Global,,,,0
3632,RIM,Indie / Global,,,,0
3633,石琪白,Indie / Global,,,,0
3634,李慧珍,Solo / Group,,,,0
3635,DK金大為,Solo / Group,,,,0
3636,葉蓓,Solo / Group,,,,0
3637,夢露樂團,Solo / Group,,,,0
3638,江得勝,Solo / Group,,,,0
3639,王墩墩不是墩,Solo / Group,,,,0
3640,蘇打綠+張韶涵,Solo / Group,,,,0
3641,翼勢力,Solo / Group,,,,0
3642,譚詠麟+MR.,Solo / Group,,,,0
3643,路飛文,Solo / Group,,,,0
3644,魔術代,Solo / Group,,,,0
3645,冉肖玲,Solo / Group,,,,0
3646,ZAYIN,Solo / Group,,,,0
3647,邱澤,Solo / Group,,,,0
3648,彭于晏,Solo / Group,,,,0
3649,J.A.M,Solo / Group,,,,0
3650,江辰,Solo / Group,,,,0
3651,Azi+Lil Howcy+Lil Milk,Solo / Group,,,,0
3652,陳粒+唐漢霄,Solo / Group,,,,0
3653,海生,Solo / Group,,,,0
3654,林珆宣,Solo / Group,,,,0
3655,楊蔓,Solo / Group,,,,0
3656,張韶涵+蘇打綠,Solo / Group,,,,0
3657,陳威,Solo / Group,,,,0
3658,殷正洋,Solo / Group,,,,0
3659,童童,Solo / Group,,,,0
3660,張世彬,Solo / Group,,,,0
3661,魏嘉瑩+陳零九,Solo / Group,,,,0
3662,陳冠蒲,Solo / Group,,,,0
3663,蘇永康+許志安,Solo / Group,,,,0
3664,孟庭葦+南方二重唱,Solo / Group,,,,0
3665,黃瑞文,Solo / Group,,,,0
3666,陳建年+紀家盈,Solo / Group,,,,0
3667,陳零九+魏嘉瑩,Solo / Group,,,,0
3668,NCT DREAM,Indie / Global,,,,0
3669,星野源,Indie / Global,,,,0
3670,魯多維柯・艾奧迪 & 阿姆斯特丹弦樂合奏團,Indie / Global,,,,0
3671,YangYang & LEGGO,Indie / Global,,,,0
3672,程璧,Indie / Global,,,,0
3673,張藝興,Indie / Global,,,,0
3674,Taylor Swift,Indie / Global,,,,0
3675,關喆,Indie / Global,,,,0
3676,李志,Indie / Global,,,,0
3677,Ava Max,Indie / Global,,,,0
3678,西村由紀江,Indie / Global,,,,0
3679,vistlip,Indie / Global,,,,0
3680,Major Lazer & Dj Snake,Indie / Global,,,,0
3681,ONER岳岳,Indie / Global,,,,0
3682,Dj Snake,Indie / Global,,,,0
3683,FM STAR,Indie / Global,,,,0
3684,金子嫣,Solo / Group,,,,0
3685,吳倩蓮,Solo / Group,,,,0
3686,周韋杰+鳳娘,Solo / Group,,,,0
3687,XL特大號樂團,Solo / Group,,,,0
3688,兔子牙,Solo / Group,,,,0
3689,石尤,Solo / Group,,,,0
3690,李雙江,Solo / Group,,,,0
3691,野小馬,Solo / Group,,,,0
3692,李威慶,Solo / Group,,,,0
3693,小語樂團,Solo / Group,,,,0
3694,Julie+JR紀言愷,Solo / Group,,,,0
3695,Summer夏夏,Solo / Group,,,,0
3696,徐紫淇,Solo / Group,,,,0
3697,陳昶均,Solo / Group,,,,0
3698,嘻遊記,Solo / Group,,,,0
3699,王宥忻,Solo / Group,,,,0
3700,蔣雪璿,Solo / Group,,,,0
3701,麗蓉,Solo / Group,,,,0
3702,孟言,Solo / Group,,,,0
3703,錦零,Solo / Group,,,,0
3704,展榮展瑞,Solo / Group,,,,0
3705,謝雷+吳淑敏,Solo / Group,,,,0
3706,wannasleep+Li,Solo / Group,,,,0
3707,六哲,Solo / Group,,,,0
3708,李明洋+楊欣樺,Solo / Group,,,,0
3709,田振達+程響,Solo / Group,,,,0
3710,賴進財,Solo / Group,,,,0
3711,謝尚泓,Solo / Group,,,,0
3712,談芳兵,Solo / Group,,,,0
3713,韓國瑜,Solo / Group,,,,0
3714,黃偉霖+林葳,Solo / Group,,,,0
3715,多岐川舞子,Solo / Group,,,,0
3716,瀨川瑛子,Solo / Group,,,,0
3717,談芳冰,Solo / Group,,,,0
3718,余小魚,Solo / Group,,,,0
3719,李思琳,Solo / Group,,,,0
3720,陳敏郎,Solo / Group,,,,0
3721,三笠優子,Solo / Group,,,,0
3722,常超凡,Solo / Group,,,,0
3723,延子,Solo / Group,,,,0
3724,貴霏,Solo / Group,,,,0
3725,OKMA,Solo / Group,,,,0
3726,也可+吳瑭,Solo / Group,,,,0
3727,林俊吉+麗蓉,Solo / Group,,,,0
3728,香子,Solo / Group,,,,0
3729,陳零九+孫盛希,Solo / Group,,,,0
3730,秋衣,Solo / Group,,,,0
3731,彤大王,Solo / Group,,,,0
3732,董唧唧+Aioz,Solo / Group,,,,0
3733,趙宥喬,Solo / Group,,,,0
3734,謊言留聲機+徐佳瑩,Solo / Group,,,,0
3735,林東,Solo / Group,,,,0
3736,慧七七,Solo / Group,,,,0
3737,h3R3,Solo / Group,,,,0
3738,范怡文,Solo / Group,,,,0
3739,白櫻,Solo / Group,,,,0
3740,林春福,Solo / Group,,,,0
3741,賴謙祺,Solo / Group,,,,0
3742,莊振凱+戴梅君,Solo / Group,,,,0
3743,方鈴,Solo / Group,,,,0
3744,曾軼可,Solo / Group,,,,0
3745,林妤潔,Solo / Group,,,,0
3746,Julie+JR,Solo / Group,,,,0
3747,靜婷,Solo / Group,,,,0
3748,文章,Solo / Group,,,,0
3749,夕陽武士,Indie / Global,,,,0
3750,鯨魚馬戲團,Indie / Global,,,,0
3751,可苦可樂,Indie / Global,,,,0
3752,探長,Indie / Global,,,,0
3753,牛駿峰,Indie / Global,,,,0
3754,Yamazaru,Indie / Global,,,,0
3755,孟可 & 呂亮,Indie / Global,,,,0
3756,GReeeeN,Indie / Global,,,,0
3757,昭霖,Indie / Global,,,,0
3758,肖啟倫,Indie / Global,,,,0
3759,Angel Baby,Indie / Global,,,,0
3760,孤寂輔導室,Indie / Global,,,,0
3761,wacci,Indie / Global,,,,0
3762,好客樂隊,Indie / Global,,,,0
3763,YU-KA,Indie / Global,,,,0
3764,10-FEET,Indie / Global,,,,0
3765,睡眠音楽のアカデミー,Indie / Global,,,,0
3766,任素汐,Indie / Global,,,,0
3767,Toshihiko Sahashi,Indie / Global,,,,0
3768,上戶彩,Indie / Global,,,,0
3769,路壹,Indie / Global,,,,0
3770,張杰,Indie / Global,,,,0
3771,Ginji(CV:Shunichi Toki),Indie / Global,,,,0
3772,方泂鑌,Solo / Group,,,,0
3773,劉藍溪,Solo / Group,,,,0
3774,黃鳳儀,Solo / Group,,,,0
3775,梁朝偉,Solo / Group,,,,0
3776,中堅份子,Solo / Group,,,,0
3777,鳳小岳,Solo / Group,,,,0
3778,羅時豐+大芭,Solo / Group,,,,0
3779,李婭莎,Solo / Group,,,,0
3780,月綺小百合,Solo / Group,,,,0
3781,蔡淳佳,Solo / Group,,,,0
3782,梅東生+簡語卉,Solo / Group,,,,0
3783,弦子,Solo / Group,,,,0
3784,王源,Solo / Group,,,,0
3785,蔣孜怡,Solo / Group,,,,0
3786,Copy BT07-PZ,Solo / Group,,,,0
3787,傲叔,Solo / Group,,,,0
3788,吉克隽逸+周延,Solo / Group,,,,0
3789,詹雯婷+張遠,Solo / Group,,,,0
3790,詹雯婷,Solo / Group,,,,0
3791,羅若惜,Solo / Group,,,,0
3792,陳泓文,Solo / Group,,,,0
3793,陳百潭+陳凱欣,Solo / Group,,,,0
3794,丁姵均,Solo / Group,,,,0
3795,小曲兒,Solo / Group,,,,0
3796,希林娜依·高+伯遠,Solo / Group,,,,0
3797,陳源,Solo / Group,,,,0
3798,劉信明,Solo / Group,,,,0
3799,阿魯阿卓,Solo / Group,,,,0
3800,彭鈺雯,Solo / Group,,,,0
3801,林佳玄,Solo / Group,,,,0
3802,莎拉Sana,Solo / Group,,,,0
3803,劉藍溪+對唱,Solo / Group,,,,0
3804,葉素美,Solo / Group,,,,0
3805,方炯鑌,Solo / Group,,,,0
3806,M3,Solo / Group,,,,0
3807,林衫和,Solo / Group,,,,0
3808,小飛哥,Solo / Group,,,,0
3809,陳子晴,Solo / Group,,,,0
3810,陳亦洺,Solo / Group,,,,0
3811,鄭星妤,Solo / Group,,,,0
3812,陳子賢+蔡以真,Solo / Group,,,,0
3813,蔡小虎+高瑞屏,Solo / Group,,,,0
3814,門麗,Solo / Group,,,,0
3815,余天龍+邱芸子,Solo / Group,,,,0
3816,星野,Solo / Group,,,,0
3817,含大仙兒,Solo / Group,,,,0
3818,姜沉魚,Solo / Group,,,,0
3819,袁小迪+秀蘭瑪雅,Solo / Group,,,,0
3820,方順吉+陳韋霖,Solo / Group,,,,0
3821,方千玉,Solo / Group,,,,0
3822,七郎+一綾,Solo / Group,,,,0
3823,TORO,Solo / Group,,,,0
3824,張語倢,Solo / Group,,,,0
3825,K ONE+5566,Solo / Group,,,,0
3826,林俊吉+戴梅君,Solo / Group,,,,0
3827,江蕙+江淑娜,Solo / Group,,,,0
3828,夏台瑄,Solo / Group,,,,0
3829,梁靜,Solo / Group,,,,0
3830,潘曉娟,Solo / Group,,,,0
3831,馬雨賢,Solo / Group,,,,0
3832,Garden Sister花園精靈,Solo / Group,,,,0
3833,楊樺,Solo / Group,,,,0
3834,劉藍溪+梁弘志,Solo / Group,,,,0
3835,鐵竹堂,Solo / Group,,,,0
3836,任賢齊+李心潔,Solo / Group,,,,0
3837,黃曉明,Solo / Group,,,,0
3838,呂彥良,Indie / Global,,,,0
3839,貴族音樂深度睡眠,Indie / Global,,,,0
3840,EmptyORio,Indie / Global,,,,0
3841,王笠人,Indie / Global,,,,0
3842,歐陽娜娜,Indie / Global,,,,0
3843,李宗霖,Indie / Global,,,,0
3844,木子笙,Indie / Global,,,,0
3845,貴族音樂ASMR,Indie / Global,,,,0
3846,脫拉庫,Indie / Global,,,,0
3847,Be my Girl,Indie / Global,,,,0
3848,STUTS & Zot On the Wave,Indie / Global,,,,0
3849,Kuhakugokko,Indie / Global,,,,0
3850,羊文学,Indie / Global,,,,0
3851,馬也_Crabbit & Cole先生,Indie / Global,,,,0
3852,Ironomi,Indie / Global,,,,0
3853,楊芸晴,Indie / Global,,,,0
3854,郝清越,Indie / Global,,,,0
3855,Eiji Miyoshi,Indie / Global,,,,0
3856,Chisato Moritaka,Indie / Global,,,,0
3857,Suchmos,Indie / Global,,,,0
3858,ブルーライトキャラバン,Indie / Global,,,,0
3859,荷爾蒙少年,Indie / Global,,,,0
3860,堯堯,Solo / Group,,,,0
3861,鄭柔芳,Solo / Group,,,,0
3862,田家達,Solo / Group,,,,0
3863,佳山明生,Solo / Group,,,,0
3864,蔡多多,Solo / Group,,,,0
3865,你的星冰樂,Solo / Group,,,,0
3866,鄺文珣,Solo / Group,,,,0
3867,林琍萍,Solo / Group,,,,0
3868,動力火車+高進,Solo / Group,,,,0
3869,董唧唧,Solo / Group,,,,0
3870,長宇 Shuhei,Solo / Group,,,,0
3871,李斯丹妮,Solo / Group,,,,0
3872,何龍雨,Solo / Group,,,,0
3873,青虫aoi+阿跨面,Solo / Group,,,,0
3874,WiFi歪歪,Solo / Group,,,,0
3875,藍七七,Solo / Group,,,,0
3876,小倩,Solo / Group,,,,0
3877,玉霜,Solo / Group,,,,0
3878,林俊彥+陳盈潔,Solo / Group,,,,0
3879,蕭玉芬,Solo / Group,,,,0
3880,李佩蓉,Solo / Group,,,,0
3881,邰肇玫,Solo / Group,,,,0
3882,李宇春,Solo / Group,,,,0
3883,張騰,Solo / Group,,,,0
3884,傅振輝,Solo / Group,,,,0
3885,蕭承祥,Solo / Group,,,,0
3886,夏婉安+楊棟樑,Solo / Group,,,,0
3887,au-is,Solo / Group,,,,0
3888,印子月,Solo / Group,,,,0
3889,陳隨意+朱海君,Solo / Group,,,,0
3890,中西保志,Solo / Group,,,,0
3891,歆小瑤,Solo / Group,,,,0
3892,汪蘇瀧+吉克隽逸,Solo / Group,,,,0
3893,你們的好朋友大雨,Solo / Group,,,,0
3894,林智惠,Solo / Group,,,,0
3895,林風+雨涵,Solo / Group,,,,0
3896,林俊吉+楊靜,Solo / Group,,,,0
3897,嵐依風,Solo / Group,,,,0
3898,蘇來+吳貞慧,Solo / Group,,,,0
3899,楊麗花,Solo / Group,,,,0
3900,林志穎,Solo / Group,,,,0
3901,姜育恆+梁一貞,Solo / Group,,,,0
3902,陳隨意+唐儷,Solo / Group,,,,0
3903,陳佳,Indie / Global,,,,0
3904,李天賜 & Wen Wei,Indie / Global,,,,0
3905,Queen Bee,Indie / Global,,,,0
3906,高睿,Indie / Global,,,,0
3907,陳永龍,Indie / Global,,,,0
3908,吉星出租,Indie / Global,,,,0
3909,大寶 DaBao,Indie / Global,,,,0
3910,yihuik苡慧,Indie / Global,,,,0
3911,一支榴蓮,Indie / Global,,,,0
3912,倍賞千惠子,Indie / Global,,,,0
3913,超級市場,Indie / Global,,,,0
3914,MAO from Sid,Indie / Global,,,,0
3915,"沉睡, 深度睡眠 & 睡眠音乐体验",Indie / Global,,,,0
3916,Yosi Horikawa,Indie / Global,,,,0
3917,魏嘉榆+王中平,Solo / Group,,,,0
3918,K.D,Solo / Group,,,,0
3919,許茹芸+蘇永康,Solo / Group,,,,0
3920,余荃斌+LiveMe主播群,Solo / Group,,,,0
3921,張星特,Solo / Group,,,,0
3922,YangChill,Solo / Group,,,,0
3923,詹采妮,Solo / Group,,,,0
3924,YUKI,Solo / Group,,,,0
3925,謝明,Solo / Group,,,,0
3926,呂至傑,Solo / Group,,,,0
3927,趙翊帆+PONY5IBE,Solo / Group,,,,0
3928,余秀娟,Solo / Group,,,,0
3929,汪聞婷,Solo / Group,,,,0
3930,何潤東+陳怡蓉,Solo / Group,,,,0
3931,林嘉欣,Solo / Group,,,,0
3932,張鑫鑫,Solo / Group,,,,0
3933,盧麒宇,Solo / Group,,,,0
3934,XMASwu+王子明,Solo / Group,,,,0
3935,羅志祥+May J.,Solo / Group,,,,0
3936,泰坦 TITAN,Solo / Group,,,,0
3937,浮生夢,Solo / Group,,,,0
3938,鄔兆邦+向蕙玲,Solo / Group,,,,0
3939,白允y,Solo / Group,,,,0
3940,薇妮,Solo / Group,,,,0
3941,余空,Solo / Group,,,,0
3942,張立昂,Solo / Group,,,,0
3943,江若琳,Solo / Group,,,,0
3944,熊仔+9m88,Solo / Group,,,,0
3945,徐良+吳昕,Solo / Group,,,,0
3946,艾熱,Solo / Group,,,,0
3947,薯片啾啾,Solo / Group,,,,0
3948,林素秋,Solo / Group,,,,0
3949,林仲興+李芬蘭,Solo / Group,,,,0
3950,F4,Solo / Group,,,,0
3951,鐵源,Solo / Group,,,,0
3952,周杰倫+楊瑞代,Solo / Group,,,,4
3953,陳宏銘,Solo / Group,,,,0
3954,蘇永康+許茹芸,Solo / Group,,,,0
3955,艾夢萌,Solo / Group,,,,0
3956,張馨文,Solo / Group,,,,0
3957,阿沁,Solo / Group,,,,0
3958,西鄉輝彥,Solo / Group,,,,0
3959,林海,Solo / Group,,,,0
3960,和田青児,Solo / Group,,,,0
3961,葉諾帆+陳凱欣,Solo / Group,,,,0
3962,朱德寶+謝莉婷,Solo / Group,,,,0
3963,中島みゆき,Solo / Group,,,,0
3964,禹黎朔,Solo / Group,,,,0
3965,九三,Solo / Group,,,,0
3966,林小珂+BAYBOY,Solo / Group,,,,0
3967,千昌夫,Solo / Group,,,,0
3968,魏如萱+馬頔,Solo / Group,,,,0
3969,チェウニ,Solo / Group,,,,0
3970,Mimmi,Solo / Group,,,,0
3971,原子少年地球,Solo / Group,,,,0
3972,曹羽,Solo / Group,,,,0
3973,王俊凱,Solo / Group,,,,0
3974,蔡曉,Solo / Group,,,,0
3975,陳楚生+陸虎,Solo / Group,,,,0
3976,葉明德,Solo / Group,,,,0
3977,羅漢,Solo / Group,,,,0
3978,中唱之星,Solo / Group,,,,0
3979,羅美玲,Solo / Group,,,,0
3980,羅志祥+May J,Solo / Group,,,,0
3981,莫宰羊+Karencici,Solo / Group,,,,0
3982,糯米糰,Solo / Group,,,,0
3983,阿沁+FAYE,Solo / Group,,,,0
3984,楊耀東,Solo / Group,,,,0
3985,鋼琴放鬆輕聽貴族音樂,Indie / Global,,,,0
3986,My Little Airport,Indie / Global,,,,0
3987,ヒーリング・サウンド,Indie / Global,,,,0
3988,房東的貓,Indie / Global,,,,0
3989,Southern All Stars,Indie / Global,,,,0
3990,M.I.C男團,Indie / Global,,,,0
3991,Minako Yoshida,Indie / Global,,,,0
3992,IPIS,Indie / Global,,,,0
3993,風籟坊,Indie / Global,,,,0
3994,Theseus 忒修斯,Indie / Global,,,,0
3995,柔米,Indie / Global,,,,0
3996,Marf Yau,Indie / Global,,,,0
3997,寶寶早教 & 胎教音樂,Indie / Global,,,,0
3998,秦海清,Indie / Global,,,,0
3999,FS (Fuying & Sam),Indie / Global,,,,0
4000,療愈音樂,Indie / Global,,,,0
4001,宗次郎,Indie / Global,,,,0
4002,アコルディ弦楽四重奏団,Indie / Global,,,,0
4003,王儷婷,Indie / Global,,,,0
4004,石聽白,Solo / Group,,,,0
4005,陳司翰+徐婕兒,Solo / Group,,,,0
4006,周迅,Solo / Group,,,,0
4007,吉 幾三,Solo / Group,,,,0
4008,HE 有激人,Solo / Group,,,,0
4009,李美靈芝,Solo / Group,,,,0
4010,陳文浩,Solo / Group,,,,0
4011,F.I.R.+Spark皇毅,Solo / Group,,,,0
4012,李明洋+邱芸子,Solo / Group,,,,0
4013,Easy Shen,Solo / Group,,,,0
4014,吉  幾三,Solo / Group,,,,0
4015,王心凌+譚維維,Solo / Group,,,,0
4016,欒樹,Solo / Group,,,,0
4017,周杰倫+梁心頤,Solo / Group,,,,2
4018,郭桂彬+黃乙玲,Solo / Group,,,,0
4019,楊騰飛+孟慧圓,Solo / Group,,,,0
4020,飯思思,Solo / Group,,,,0
4021,馬也_Crabbit,Solo / Group,,,,0
4022,蔡茗淇,Solo / Group,,,,0
4023,尚雯婕+王晰,Solo / Group,,,,0
4024,蘇珮卿+光良,Solo / Group,,,,0
4025,橙大蕾蕾,Solo / Group,,,,0
4026,戾格,Solo / Group,,,,0
4027,二小姐,Solo / Group,,,,0
4028,徐國樑,Solo / Group,,,,0
4029,高進+小沈陽+葉世榮+迪克牛仔,Solo / Group,,,,0
4030,田帥,Solo / Group,,,,0
4031,鍾慧鈴,Solo / Group,,,,0
4032,曾小萍,Solo / Group,,,,0
4033,陳百潭+龍千玉,Solo / Group,,,,0
4034,一支榴槤,Solo / Group,,,,0
4035,八代亜紀,Solo / Group,,,,0
4036,瀬川瑛子,Solo / Group,,,,0
4037,江明娟,Solo / Group,,,,0
4038,林俊吉+洪百慧,Solo / Group,,,,0
4039,水琉璃,Solo / Group,,,,0
4040,浙音4811,Solo / Group,,,,0
4041,三叔說,Solo / Group,,,,0
4042,梓華,Solo / Group,,,,0
4043,劉耀明+蔡茗淇,Solo / Group,,,,0
4044,黃明志+林俊逸,Solo / Group,,,,0
4045,黃乙玲+郭桂彬,Solo / Group,,,,0
4046,傅振輝+邱淑君,Solo / Group,,,,0
4047,楊文,Solo / Group,,,,0
4048,陳秀枝,Solo / Group,,,,0
4049,顏華,Solo / Group,,,,0
4050,湯家豪,Solo / Group,,,,0
4051,孫儀,Solo / Group,,,,0
4052,Stray Kids,Indie / Global,,,,0
4053,微笑旋律音樂,Indie / Global,,,,0
4054,Luis Fonsi & Daddy Yankee,Indie / Global,,,,0
4055,Christophe Saunière,Indie / Global,,,,0
4056,Henrik Birk Aaboe & Klaus,Indie / Global,,,,0
4057,The Weeknd,Indie / Global,,,,0
4058,愛舫,Indie / Global,,,,0
4059,Khalid & Disclosure,Indie / Global,,,,0
4060,劉允樂,Solo / Group,,,,0
4061,葉諾帆+陳宥希,Solo / Group,,,,0
4062,辛龍,Solo / Group,,,,0
4063,金玟岐,Solo / Group,,,,0
4064,洪敬堯,Solo / Group,,,,0
4065,鄒宗翰,Solo / Group,,,,0
4066,楊欣樺,Solo / Group,,,,0
4067,大淵+Mc HotDog,Solo / Group,,,,0
4068,楊青倩,Solo / Group,,,,0
4069,梁靜茹+黃嘉千+汪佩蓉,Solo / Group,,,,0
4070,Eric Kwok,Solo / Group,,,,0
4071,小頭菜,Solo / Group,,,,0
4072,范逸臣+畢雯珺,Solo / Group,,,,0
4073,JR紀言愷+阿喜,Solo / Group,,,,0
4074,黃荻鈞,Solo / Group,,,,0
4075,吳汶芳+舒米恩,Solo / Group,,,,0
4076,趙齊,Solo / Group,,,,0
4077,賴慧如+黃文星,Solo / Group,,,,0
4078,趙文昊,Solo / Group,,,,0
4079,魏嘉瑩+韋禮安,Solo / Group,,,,0
4080,庾澄慶+蕭敬騰,Solo / Group,,,,0
4081,劉思彤,Solo / Group,,,,0
4082,傅秋英,Solo / Group,,,,0
4083,蔡閨,Solo / Group,,,,0
4084,朱莉亞,Solo / Group,,,,0
4085,江鳳,Solo / Group,,,,0
4086,蔡氏兄妹,Solo / Group,,,,0
4087,玖壹壹+阿聖,Solo / Group,,,,0
4088,楊咩咩,Solo / Group,,,,0
4089,凌菲,Solo / Group,,,,0
4090,趙秋凱,Solo / Group,,,,0
4091,賴碧霞,Solo / Group,,,,0
4092,溫梅桂+張秀美,Solo / Group,,,,0
4093,陶大偉,Solo / Group,,,,0
4094,邱師義,Solo / Group,,,,0
4095,滾石群星,Solo / Group,,,,0
4096,潘瑋柏+張韶涵,Solo / Group,,,,0
4097,大淵+MCHOTDOG,Solo / Group,,,,0
4098,鄭品蓁,Solo / Group,,,,0
4099,李泓伸,Solo / Group,,,,0
4100,LEO王,Solo / Group,,,,0
4101,Who Cares 胡凱兒,Solo / Group,,,,0
4102,利菁,Solo / Group,,,,0
4103,閻奕格+J.SHEON,Solo / Group,,,,0
4104,英豪,Solo / Group,,,,0
4105,大淵+MC HOT DOG,Solo / Group,,,,0
4106,達達樂隊,Solo / Group,,,,0
4107,丁力,Solo / Group,,,,0
4108,陳崴,Solo / Group,,,,0
4109,洪瑞霞,Solo / Group,,,,0
4110,張文惠,Solo / Group,,,,0
4111,徐世珍,Solo / Group,,,,0
4112,田路路,Solo / Group,,,,0
4113,莊心妍+蕭全,Solo / Group,,,,0
4114,梁靜茹+黃嘉千,Solo / Group,,,,0
4115,何俊明,Solo / Group,,,,0
4116,FORMOZA,Indie / Global,,,,0
4117,柏霖PoLin,Indie / Global,,,,0
4118,Adele,Indie / Global,,,,0
4119,Uru,Indie / Global,,,,0
4120,張小葵,Indie / Global,,,,0
4121,周興哲 & 單依純,Indie / Global,,,,0
4122,謝霆鋒+蔡卓妍,Solo / Group,,,,0
4123,賀敬軒+CG,Solo / Group,,,,0
4124,LADY,Solo / Group,,,,0
4125,郭忠祐+賴慧如,Solo / Group,,,,0
4126,王菀之,Solo / Group,,,,0
4127,方大同+陶晶瑩,Solo / Group,,,,0
4128,范逸臣+同恩,Solo / Group,,,,0
4129,蔡小虎+蔡秋鳳,Solo / Group,,,,0
4130,孫嫣然,Solo / Group,,,,0
4131,于冠華,Solo / Group,,,,0
4132,薛珮潔,Solo / Group,,,,0
4133,楊哲+謝宜君,Solo / Group,,,,0
4134,鹿晗,Solo / Group,,,,0
4135,楊采妮,Solo / Group,,,,0
4136,凱小晴,Solo / Group,,,,0
4137,陳英吉+潘姵莉,Solo / Group,,,,0
4138,陳昶均+蘇芯慧,Solo / Group,,,,0
4139,湯薇恩+陳彼得,Solo / Group,,,,0
4140,神馬樂團,Solo / Group,,,,0
4141,李冠群,Solo / Group,,,,0
4142,羅文裕,Solo / Group,,,,0
4143,白白+李芳琪,Solo / Group,,,,0
4144,季彥霖+劉增瞳,Solo / Group,,,,0
4145,陳隨意+楊靜,Solo / Group,,,,0
4146,田帥+鄧詠家,Solo / Group,,,,0
4147,王強,Solo / Group,,,,0
4148,陳隨意+陳思安,Solo / Group,,,,0
4149,韋東明,Solo / Group,,,,0
4150,楊淑慎,Solo / Group,,,,0
4151,陳采捷,Solo / Group,,,,0
4152,黃思婷+江志豐,Solo / Group,,,,0
4153,佳音,Solo / Group,,,,0
4154,王雪娥,Solo / Group,,,,0
4155,趙多娜,Solo / Group,,,,0
4156,平靈晶,Solo / Group,,,,0
4157,GT二崇唱,Solo / Group,,,,0
4158,劉德華+鄭秀文,Solo / Group,,,,0
4159,洪金河+游麗紅,Solo / Group,,,,0
4160,薛曉楓,Solo / Group,,,,0
4161,林文德+謝莉婷,Solo / Group,,,,0
4162,黃立成,Solo / Group,,,,0
4163,林盈焜+羅玉女,Solo / Group,,,,0
4164,謝雷+喬幼,Solo / Group,,,,0
4165,GX,Solo / Group,,,,0
4166,陽逸晨,Solo / Group,,,,0
4167,黃明志+明日花綺羅 Asuka Kirara,Solo / Group,,,,0
4168,曾瑋中+郭婷筠,Solo / Group,,,,0
4169,Mi2,Solo / Group,,,,0
4170,羅楊栩栩+初月,Solo / Group,,,,0
4171,郭忠祐+蔡多多,Solo / Group,,,,0
4172,周延英,Solo / Group,,,,0
4173,喬幼,Solo / Group,,,,0
4174,莉莉周她說,Solo / Group,,,,0
4175,謝莉婷+林文德,Solo / Group,,,,0
4176,劉文正,Solo / Group,,,,0
4177,J-STARS,Solo / Group,,,,0
4178,張善為,Solo / Group,,,,0
4179,張燕清,Solo / Group,,,,0
4180,陳子鴻+江蕙,Solo / Group,,,,0
4181,李維,Solo / Group,,,,0
4182,SARA,Solo / Group,,,,0
4183,郭燕,Solo / Group,,,,0
4184,劉牧,Solo / Group,,,,0
4185,宋念宇,Solo / Group,,,,0
4186,薩麥爾,Indie / Global,,,,0
4187,東京事變,Indie / Global,,,,0
4188,Yiruma,Indie / Global,,,,0
4189,光澤,Indie / Global,,,,0
4190,Orisaka Yuta,Indie / Global,,,,0
4191,胡恩瑞,Solo / Group,,,,0
4192,大地樂團,Solo / Group,,,,0
4193,牛奶咖啡,Solo / Group,,,,0
4194,莊蕙茹,Solo / Group,,,,0
4195,傅薇+黃中原,Solo / Group,,,,0
4196,劉亦菲,Solo / Group,,,,0
4197,韋圓蘇福,Solo / Group,,,,0
4198,許富凱+曹雅雯,Solo / Group,,,,0
4199,茶二娘,Solo / Group,,,,0
4200,顏莉,Solo / Group,,,,0
4201,金潤吉,Solo / Group,,,,0
4202,持修,Solo / Group,,,,0
4203,希亞,Solo / Group,,,,0
4204,曾詠欣,Solo / Group,,,,0
4205,阿斯根,Solo / Group,,,,0
4206,麗蓉+陳子賢,Solo / Group,,,,0
4207,李翊君+江宏恩,Solo / Group,,,,0
4208,G.Z光澤,Solo / Group,,,,0
4209,亦帆,Solo / Group,,,,0
4210,王忻辰+蘇星婕,Solo / Group,,,,0
4211,湯非,Solo / Group,,,,0
4212,潘明堯,Solo / Group,,,,0
4213,雨軒,Solo / Group,,,,0
4214,咕姑姐,Solo / Group,,,,0
4215,森進一,Solo / Group,,,,0
4216,林漢陽,Solo / Group,,,,0
4217,林柔均,Solo / Group,,,,0
4218,大小百合,Solo / Group,,,,0
4219,何方,Solo / Group,,,,0
4220,王建傑+劉依純,Solo / Group,,,,0
4221,陳子賢+麗蓉,Solo / Group,,,,0
4222,麗小花,Solo / Group,,,,0
4223,Ciyo,Solo / Group,,,,0
4224,蔣雪櫻,Solo / Group,,,,0
4225,黃明志+陳芳語,Solo / Group,,,,0
4226,黃文星+曾昱嘉,Solo / Group,,,,0
4227,Ice Paper,Solo / Group,,,,0
4228,殷紫嫣,Solo / Group,,,,0
4229,冷漠+楊小曼,Solo / Group,,,,0
4230,娜美,Solo / Group,,,,0
4231,王建榮,Solo / Group,,,,0
4232,吳煒+張語倢,Solo / Group,,,,0
4233,葉蔻,Solo / Group,,,,0
4234,陳秀男+劉成章,Solo / Group,,,,0
4235,莊振凱+蘇振華,Solo / Group,,,,0
4236,盧巧音+王力宏,Solo / Group,,,,0
4237,本多RuRu,Solo / Group,,,,0
4238,黃美月,Solo / Group,,,,0
4239,李坟,Solo / Group,,,,0
4240,大豪,Solo / Group,,,,0
4241,楊韻禾,Solo / Group,,,,0
4242,陳譯賢,Solo / Group,,,,0
4243,時代少年團,Indie / Global,,,,0
4244,BOXING葛西瓦,Indie / Global,,,,0
4245,DSPS,Indie / Global,,,,0
4246,NCT 127,Indie / Global,,,,0
4247,韓瀟Es,Indie / Global,,,,0
4248,王博文,Indie / Global,,,,0
4249,森淮,Indie / Global,,,,0
4250,熊仔 & 豹子膽,Indie / Global,,,,0
4251,EXO-SC,Indie / Global,,,,0
4252,睡眠音楽の巨匠,Indie / Global,,,,0
4253,梅納翰 · 普雷斯勒,Indie / Global,,,,0
4254,朱志鑫,Indie / Global,,,,0
4255,HATENA,Indie / Global,,,,0
4256,莎拉・布萊曼,Indie / Global,,,,0
4257,EXO,Indie / Global,,,,0
4258,小霞,Indie / Global,,,,0
4259,好妹妹,Indie / Global,,,,0
4260,DASUTT,Indie / Global,,,,0
4261,林友樹,Indie / Global,,,,0
4262,快樂早晨咖啡,Indie / Global,,,,0
4263,New Age 睡眠 Star,Indie / Global,,,,0
4264,天門,Indie / Global,,,,0
4265,King Gnu,Indie / Global,,,,0
4266,透明教室與平行女孩,Indie / Global,,,,0
4267,蔡徐坤,Indie / Global,,,,0
4268,李登威,Solo / Group,,,,0
4269,閻韋伶,Solo / Group,,,,0
4270,袁小迪+蕭蔓萱,Solo / Group,,,,0
4271,王江發+洪百慧,Solo / Group,,,,0
4272,齊豫+潘越雲,Solo / Group,,,,0
4273,許仁杰,Solo / Group,,,,0
4274,姚亦晴,Solo / Group,,,,0
4275,林心如+周杰,Solo / Group,,,,0
4276,夢夢,Solo / Group,,,,0
4277,季彥霖+基地小虎,Solo / Group,,,,0
4278,伊笑,Solo / Group,,,,0
4279,曾淑勤,Solo / Group,,,,0
4280,張信哲+楊宗緯,Solo / Group,,,,0
4281,Shiny 姚亦晴,Solo / Group,,,,0
4282,發條月亮,Solo / Group,,,,0
4283,孫藝琪,Solo / Group,,,,0
4284,莊振凱+楊靜,Solo / Group,,,,0
4285,賴慧如+張文綺,Solo / Group,,,,0
4286,格子兮,Solo / Group,,,,0
4287,名決+李伊曼,Solo / Group,,,,0
4288,薛凱琪+劉戀,Solo / Group,,,,0
4289,樑藝騫,Solo / Group,,,,0
4290,曾比特,Solo / Group,,,,0
4291,高佳群,Solo / Group,,,,0
4292,賴縣義,Solo / Group,,,,0
4293,采子,Solo / Group,,,,0
4294,郭惠芬,Solo / Group,,,,0
4295,慕容婕鈴,Solo / Group,,,,0
4296,夏德維,Solo / Group,,,,0
4297,李心琪,Solo / Group,,,,0
4298,于楓,Solo / Group,,,,0
4299,賴國永,Solo / Group,,,,0
4300,陳耀來,Solo / Group,,,,0
4301,李凱昇+何晴恩,Solo / Group,,,,0
4302,張淑美,Solo / Group,,,,0
4303,嬌嬌野丫頭,Solo / Group,,,,0
4304,李明洋+潘佩莉,Solo / Group,,,,0
4305,李悟小禮物,Solo / Group,,,,0
4306,劉偉,Solo / Group,,,,0
4307,李方宜+羅梓華,Solo / Group,,,,0
4308,劉信明+向蕙玲,Solo / Group,,,,0
4309,田帥+蘇芯慧,Solo / Group,,,,0
4310,渥美二郎,Solo / Group,,,,0
4311,HYPEEZY+馮泳+handsome,Solo / Group,,,,0
4312,張宇+王美莲,Solo / Group,,,,0
4313,羅欣,Solo / Group,,,,0
4314,林玉峰,Solo / Group,,,,0
4315,葉楓,Solo / Group,,,,0
4316,小嫻,Solo / Group,,,,0
4317,施文彬+秀蘭瑪雅,Solo / Group,,,,0
4318,李碧華+羅吉鎮,Solo / Group,,,,0
4319,崔萍,Solo / Group,,,,0
4320,陳雷+謝婷婷,Solo / Group,,,,0
4321,楊臣剛+香香+李詠紅,Solo / Group,,,,0
4322,孫淑媚+秀蘭瑪雅,Solo / Group,,,,0
4323,伍思凱+優客李林,Solo / Group,,,,0
4324,Shiny,Solo / Group,,,,0
4325,周杰+林心如,Solo / Group,,,,0
4326,Daven Wu,Indie / Global,,,,0
4327,KAXA,Indie / Global,,,,0
4328,柴崎幸,Indie / Global,,,,0
4329,XMASwu吳驁,Indie / Global,,,,0
4330,劉忻 & 遺忘俱樂部,Indie / Global,,,,0
4331,Dizzy Dizzo 蔡詩芸,Indie / Global,,,,0
4332,唐伯虎Annie,Indie / Global,,,,0
4333,張洢豪,Indie / Global,,,,0
4334,白敬亭,Indie / Global,,,,0
4335,馬伯騫,Indie / Global,,,,0
4336,任嘉倫,Indie / Global,,,,0
4337,Suara,Indie / Global,,,,0
4338,Karencici,Indie / Global,,,,0
4339,王聖鋒,Solo / Group,,,,0
4340,詹森淮,Solo / Group,,,,0
4341,謝金晶+吳俊宏,Solo / Group,,,,0
4342,劉沁,Solo / Group,,,,0
4343,金韓一,Solo / Group,,,,0
4344,吳淑敏+康康,Solo / Group,,,,0
4345,李泉,Solo / Group,,,,0
4346,洛先生,Solo / Group,,,,0
4347,鄭伊健+風火海,Solo / Group,,,,0
4348,謝沛恩,Solo / Group,,,,0
4349,雪蓮,Solo / Group,,,,0
4350,法愛,Solo / Group,,,,0
4351,上明+簡美雀,Solo / Group,,,,0
4352,李非悉,Solo / Group,,,,0
4353,和楽器バンド,Solo / Group,,,,0
4354,上明+蘇芯慧,Solo / Group,,,,0
4355,歐巴尚青+曹雅雯,Solo / Group,,,,0
4356,幼幼合唱團,Solo / Group,,,,0
4357,楊哲+邱芸子,Solo / Group,,,,0
4358,薛金顯,Solo / Group,,,,0
4359,張惠妹+林憶蓮,Solo / Group,,,,0
4360,張安勝,Solo / Group,,,,0
4361,陳雷+楊靜,Solo / Group,,,,0
4362,許志豪,Solo / Group,,,,0
4363,七郎+阿茹,Solo / Group,,,,0
4364,陳子賢+謝莉婷,Solo / Group,,,,0
4365,楊文+董宜青,Solo / Group,,,,0
4366,林峰,Solo / Group,,,,0
4367,蔡楓華,Solo / Group,,,,0
4368,許茹芸+熊天平,Solo / Group,,,,0
4369,賴雅妍,Solo / Group,,,,0
4370,周蕙+成龍,Solo / Group,,,,0
4371,ILLIT,Indie / Global,,,,0
4372,BLACKPINK,Indie / Global,,,,0
4373,徐佳瑩+阿爆+Brandy,Solo / Group,,,,0
4374,邱淑君,Solo / Group,,,,0
4375,這位太太,Solo / Group,,,,0
4376,詹雅雯+詹雅云,Solo / Group,,,,0
4377,婁峻碩+派偉俊,Solo / Group,,,,0
4378,五月天+蕭敬騰,Solo / Group,,,,0
4379,屁孩 Ryan+Rgry+蔡佩軒,Solo / Group,,,,0
4380,林淑慧,Solo / Group,,,,0
4381,6人大合唱,Solo / Group,,,,0
4382,周深+胡海泉,Solo / Group,,,,1
4383,范本桐,Solo / Group,,,,0
4384,屁孩+RYAN+RGRY+蔡佩軒,Solo / Group,,,,0
4385,張磊,Solo / Group,,,,0
4386,東區不倒翁,Solo / Group,,,,0
4387,陳星,Solo / Group,,,,0
4388,呆之音,Solo / Group,,,,0
4389,湯薇恩,Solo / Group,,,,0
4390,橙草,Solo / Group,,,,0
4391,何亮辰+蔡程昱,Solo / Group,,,,0
4392,林財寶+合唱,Solo / Group,,,,0
4393,黃志強,Solo / Group,,,,0
4394,胡松華,Solo / Group,,,,0
4395,胡泉雄+卓通妹,Solo / Group,,,,0
4396,胡泉雄+田明珠,Solo / Group,,,,0
4397,溫梅桂,Solo / Group,,,,0
4398,平井堅,Solo / Group,,,,0
4399,凌峰,Solo / Group,,,,0
4400,庾澄慶+徐熙娣,Solo / Group,,,,0
4401,屁孩RYAN+RGRY+蔡佩軒,Solo / Group,,,,0
4402,七郎+鄭雅分,Solo / Group,,,,0
4403,劉信明+郁蓁,Solo / Group,,,,0
4404,Hush！,Solo / Group,,,,0
4405,李婭莎+Lovely Road,Solo / Group,,,,0
4406,孫晨+曲肖冰,Solo / Group,,,,0
4407,鄔兆邦+唐儷,Solo / Group,,,,0
4408,劉辰希,Solo / Group,,,,0
4409,近藤真彦,Solo / Group,,,,0
4410,楊弦,Solo / Group,,,,0
4411,洪瑋+杜和錦,Solo / Group,,,,0
4412,羅寧娜,Solo / Group,,,,0
4413,洪百慧+林俊吉,Solo / Group,,,,0
4414,SIMON,Solo / Group,,,,0
4415,劉虹嬅,Solo / Group,,,,0
4416,李季準,Solo / Group,,,,0
4417,蘇振華+洪百慧,Solo / Group,,,,0
4418,林慧省,Solo / Group,,,,0
4419,文香,Solo / Group,,,,0
4420,張嘉洵,Solo / Group,,,,0
4421,天野月子,Indie / Global,,,,0
4422,CHANYEOL & Punch,Indie / Global,,,,0
4423,James Arthur,Indie / Global,,,,0
4424,ZAYN & Taylor Swift,Indie / Global,,,,0
4425,Keshi,Indie / Global,,,,0
4426,Calum Scott,Indie / Global,,,,0
4427,Shakira,Indie / Global,,,,0
4428,Idina Menzel & AURORA,Indie / Global,,,,0
4429,Gaho,Indie / Global,,,,0
4430,米津玄師,Indie / Global,,,,0
4431,Sam Smith,Indie / Global,,,,0
4432,Akihisa Kondo,Indie / Global,,,,0
4433,蔡詩蕓,Solo / Group,,,,0
4434,林孟宗,Solo / Group,,,,0
4435,張涵雅,Solo / Group,,,,0
4436,羅莎莎+SJIN史今,Solo / Group,,,,0
4437,潘姵莉,Solo / Group,,,,0
4438,方順吉+魏嘉瑜,Solo / Group,,,,0
4439,陳明,Solo / Group,,,,0
4440,郭美美,Solo / Group,,,,0
4441,羅莎莎+史今,Solo / Group,,,,0
4442,葉懷佩,Solo / Group,,,,0
4443,林良歡+吳俊宏,Solo / Group,,,,0
4444,毛俊傑,Solo / Group,,,,0
4445,蔡宜汝+方順吉,Solo / Group,,,,0
4446,吳欣達,Solo / Group,,,,0
4447,劉依純+藍弘欽,Solo / Group,,,,0
4448,郭桂彬+蕭玉芬,Solo / Group,,,,0
4449,西彬,Solo / Group,,,,0
4450,韓瀟,Solo / Group,,,,0
4451,許哲誠+鳳琴,Solo / Group,,,,0
4452,許效舜,Solo / Group,,,,0
4453,羅冠中,Solo / Group,,,,0
4454,歐陽樂,Solo / Group,,,,0
4455,伍浩哲,Solo / Group,,,,0
4456,于昊洋,Solo / Group,,,,0
4457,一顆狼星,Solo / Group,,,,0
4458,劉亦心,Solo / Group,,,,0
4459,黃霑,Solo / Group,,,,0
4460,余良,Solo / Group,,,,0
4461,莊妮,Solo / Group,,,,0
4462,殷麗雲,Solo / Group,,,,0
4463,李千慧,Solo / Group,,,,0
4464,陳美鳳,Solo / Group,,,,0
4465,陳美伶,Solo / Group,,,,0
4466,白冰應,Solo / Group,,,,0
4467,黃靖倫,Solo / Group,,,,0
4468,李穀一,Solo / Group,,,,0
4469,陳依依,Solo / Group,,,,0
4470,良山+陳思安,Solo / Group,,,,0
4471,陳秋霞+黃韻玲,Solo / Group,,,,0
4472,傅仕倫+董一明,Solo / Group,,,,0
4473,大淵+嚴正嵐,Solo / Group,,,,0
4474,Mtv Vjs,Solo / Group,,,,0
4475,謝采吟+陳言寧,Solo / Group,,,,0
4476,蔣榮宗+216臭臉娃娃,Solo / Group,,,,0
4477,姚琛+連准偉,Solo / Group,,,,0
4478,海洋Bo+費米Frieme+Zy,Solo / Group,,,,0
4479,謝和弦+玖壹壹+陳零久,Solo / Group,,,,0
4480,張碧雲,Solo / Group,,,,0
4481,道元法師+泓如法師+黃元丕,Solo / Group,,,,0
4482,許金子,Solo / Group,,,,0
4483,金鑫,Solo / Group,,,,0
4484,譚順成,Solo / Group,,,,0
4485,龍哥+丫貴,Solo / Group,,,,0
4486,于捷,Solo / Group,,,,0
4487,謝佩芬,Solo / Group,,,,0
4488,洪弟七,Solo / Group,,,,0
4489,陳菀翎,Solo / Group,,,,0
4490,綾世一美,Solo / Group,,,,0
4491,劉平芳+合唱,Solo / Group,,,,0
4492,丁丁,Solo / Group,,,,0
4493,陳彼得,Solo / Group,,,,0
4494,江音,Solo / Group,,,,0
4495,VJ,Solo / Group,,,,0
4496,藤山一郎,Solo / Group,,,,0
4497,袁小迪+陳佩佩,Solo / Group,,,,0
4498,氷川きよし,Solo / Group,,,,0
4499,欒克勇,Solo / Group,,,,0
4500,吳俊宏+林良歡,Solo / Group,,,,0
4501,謝和弦+玖壹壹+陳零九,Solo / Group,,,,0
4502,IN-K & 王忻辰,Indie / Global,,,,0
4503,Selena Gomez & Marshmello,Indie / Global,,,,0
4504,陳霓,Indie / Global,,,,0
4505,ZAYN,Indie / Global,,,,0
4506,SEVENTEEN,Indie / Global,,,,0
4507,Marshmello & Halsey,Indie / Global,,,,0
4508,Major Lazer,Indie / Global,,,,0
4509,Marshmello,Indie / Global,,,,0
4510,MÖRDA,Indie / Global,,,,0
4511,David Guetta,Indie / Global,,,,0
4512,阿爆 (阿仍仍),Indie / Global,,,,0
4513,夜貓組,Indie / Global,,,,0
4514,Dj Snake & Lil Jon,Indie / Global,,,,0
4515,Latto & Mariah Carey,Indie / Global,,,,0
4516,Low,Indie / Global,,,,0
4517,DJ Black 仔哥,Solo / Group,,,,0
4518,DJ HEAD,Solo / Group,,,,0
4519,DJ Black 仔哥+黃詩玲,Solo / Group,,,,0
4520,DJ MR.GIN+同理,Solo / Group,,,,0
4521,王繹龍,Solo / Group,,,,0
4522,廖大森,Solo / Group,,,,0
4523,何念茲+DJ阿芳,Solo / Group,,,,0
4524,阿妹妹,Solo / Group,,,,0
4525,法蘭黛樂團+李英宏 a.k.a DJ Didilong,Solo / Group,,,,0
4526,何念茲 Michiyo + DJ 阿芳,Solo / Group,,,,0
4527,DJ+Black+仔哥,Solo / Group,,,,0
4528,DJ+Black+仔哥+黃詩玲,Solo / Group,,,,0
4529,DJBLACK仔哥,Solo / Group,,,,0
4530,DJ BLACK+仔哥,Solo / Group,,,,0
4531,DJ BLACK+仔哥+黃詩,Solo / Group,,,,0
4532,DJBLACK仔哥+黃詩,Solo / Group,,,,0
4533,DJBLACK+仔哥,Solo / Group,,,,0
4534,DJ-Black,Solo / Group,,,,0
4535,DJ輝仔,Solo / Group,,,,0
4536,DJ SUNNY+王譯龍,Solo / Group,,,,0
4537,何念茲(Michiyo)+DJ阿芳,Solo / Group,,,,0
4538,法蘭黛樂團+李英宏ALA+DJDIDILONG,Solo / Group,,,,0
4539,MICHIYO何念茲+DJ阿芳,Solo / Group,,,,0
4540,"Capper, MC HOTDOG & GALI",Indie / Global,,,,0
4541,MC HOTDOG & Tizzy T,Indie / Global,,,,0
4542,"張震嶽, MC HOTDOG, 功夫胖 & 派克特",Indie / Global,,,,0
4543,"MC HOTDOG, 張震嶽, 功夫胖 & 派克特",Indie / Global,,,,0
4544,Miley Cyrus,Indie / Global,,,,0
4545,小人,Indie / Global,,,,0
4546,KEY.L劉聰,Indie / Global,,,,0
4547,Imagine Dragons,Indie / Global,,,,0
4548,MC Hammer,Indie / Global,,,,0
4549,丁噹 & MC HOTDOG,Indie / Global,,,,0
4550,BRIAN MCKNIGHT,Solo / Group,,,,0
4551,MC HOTDOG+張震嶽,Solo / Group,,,,0
4552,MC HotDog+馬念先,Solo / Group,,,,0
4553,MC HOTDOG+張震嶽+關穎,Solo / Group,,,,0
4554,張信哲+MC HotDog,Solo / Group,,,,0
4555,范瑋琪+MC HotDog,Solo / Group,,,,0
4556,江靜+MC HotDog,Solo / Group,,,,0
4557,楊宗緯+MC HotDog,Solo / Group,,,,0
4558,MC HotDog+J.Sheon,Solo / Group,,,,0
4559,丁噹+MC HotDog,Solo / Group,,,,0
4560,蔡健雅+MC HotDog,Solo / Group,,,,0
4561,MC+HOTDOG張震嶽關,Solo / Group,,,,0
4562,MC HotDog+艾怡良,Solo / Group,,,,0
4563,張震嶽+MC HotDog+關穎,Solo / Group,,,,0
4564,江靜+MCHOTDOG,Solo / Group,,,,0
4565,大支+MCHOTDOG,Solo / Group,,,,0
4566,MC HOT DOG+張震嶽,Solo / Group,,,,0
4567,江靜+MC HOT DOG,Solo / Group,,,,0
4568,MC HOT DOG+關穎,Solo / Group,,,,0
4569,MC HOT DOG+關彥淳,Solo / Group,,,,0
4570,MC HOT DOG+J.Sheon,Solo / Group,,,,0
4571,MC HOT DOG+蛋堡,Solo / Group,,,,0
4572,大支+MC仁,Solo / Group,,,,0
4573,張震嶽+MC HOTDOG,Solo / Group,,,,0
4574,MC HOTDOG+蛋堡,Solo / Group,,,,0
4575,DON MCLEAN,Solo / Group,,,,0
4576,SCOTT MCKENZIE,Solo / Group,,,,0
4577,PAUL MCCARTNEY,Solo / Group,,,,0
4578,鄭秀文+MC HotDog,Solo / Group,,,,0
4579,MC HotDog+A-YUE+關穎,Solo / Group,,,,0
4580,張震嶽+MC HotDog+侯佩岑,Solo / Group,,,,0
4581,MCHotDog+蛋堡SOFTLIPA,Solo / Group,,,,0
4582,Masego,Indie / Global,,,,0
4583,SiR,Indie / Global,,,,0
4584,鹿先森樂隊,Indie / Global,,,,0
4585,Stevie Wonder,Indie / Global,,,,0
4586,Jabberloop,Indie / Global,,,,0
4587,KID林柏昇 & ØZI,Indie / Global,,,,0
4588,Naganori Sakakibara,Indie / Global,,,,0
4589,蘇格蘭室內管弦樂團 & 查爾斯・馬克拉斯爵士,Indie / Global,,,,0
4590,聖馬丁室內樂團 & 內維爾・馬利納爵士,Indie / Global,,,,0
4591,Jaded Juice Riders,Indie / Global,,,,0
4592,柏林愛樂 & 賽門・拉圖爵士,Indie / Global,,,,0
4593,Sir Roland Hanna,Indie / Global,,,,0
4594,Isaiah Falls & SiR,Indie / Global,,,,0
4595,Etta Bond,Indie / Global,,,,0
4596,周善祥,Indie / Global,,,,0
4597,郭虔哲 & 梁嘉芫,Indie / Global,,,,0
4598,Alex Isley,Indie / Global,,,,0
4599,Cooper Alan,Indie / Global,,,,0
4600,亞歷克西斯・弗倫奇,Indie / Global,,,,0
4601,Robert Glasper,Indie / Global,,,,0
4602,sir Was,Indie / Global,,,,0
4603,倫敦愛樂管弦樂團 & 喬治.蕭提爵士,Indie / Global,,,,0
4604,柯林・戴維斯爵士 & 倫敦交響樂團,Indie / Global,,,,0
4605,倫敦交響樂團 & 柯林・戴維斯爵士,Indie / Global,,,,0
4606,Jann arden,Solo / Group,,,,0
4607,Eve×Sou,Indie / Global,,,,0
4608,Drake,Indie / Global,,,,0
4609,Drake & Majid Jordan,Indie / Global,,,,0
4610,Dr Jess Duckworth,Indie / Global,,,,0
4611,Blackstreet,Indie / Global,,,,0
4612,Justin Timberlake,Indie / Global,,,,0
4613,Dr. Dre,Indie / Global,,,,0
4614,2Pac,Indie / Global,,,,0
4615,PENTAGON,Indie / Global,,,,0
4616,Sasha Alex Sloan,Indie / Global,,,,0
4617,Drake & Michael Jackson,Indie / Global,,,,0
4618,Bad Bunny,Indie / Global,,,,0
4619,國蛋,Indie / Global,,,,0
4620,aespa,Indie / Global,,,,0
4621,虎克博士合唱團,Indie / Global,,,,0
4622,盧廣仲 & 美麗本人,Indie / Global,,,,0
4623,Queen Latifah,Indie / Global,,,,0
4624,Imagine Dragons & JID,Indie / Global,,,,0
4625,チューブ,Solo / Group,,,,0
4626,連依涵,Solo / Group,,,,0
4627,SCOOL,Solo / Group,,,,0
4628,吳思賢+派偉俊 Patrick Brasca,Solo / Group,,,,0
4629,Boyz II Men,Solo / Group,,,,0
4630,Selena,Solo / Group,,,,0
4631,DREAM GIRLS,Solo / Group,,,,0
4632,The Mamas+The Papas,Solo / Group,,,,0
4633,Andy Williams,Solo / Group,,,,0
4634,潘瑋儀,Solo / Group,,,,0
4635,DAN HARTMAN,Solo / Group,,,,0
4636,Everly Brothers,Solo / Group,,,,0
4637,Drifters,Solo / Group,,,,0
4638,Eurythmics,Solo / Group,,,,0
4639,Dragon 5,Solo / Group,,,,0
4640,Dr.Moon,Solo / Group,,,,0
4641,Dream5,Solo / Group,,,,0
4642,Dragon Ash,Solo / Group,,,,0
4643,The Mamas and The Papas,Solo / Group,,,,0
4644,Dr. Hook,Solo / Group,,,,0
4645,陳慧琳+Dry,Solo / Group,,,,0
4646,DreamGirls,Solo / Group,,,,0
4647,高爾宣OSN+李浩瑋,Solo / Group,,,,0
4648,Drake+kanye west,Solo / Group,,,,0
4649,Sean kingston,Solo / Group,,,,0
4650,Dr+Hook,Solo / Group,,,,0
4651,Drowning pool,Solo / Group,,,,0
4652,Beyonce,Solo / Group,,,,0
4653,Air Supply,Solo / Group,,,,0
4654,Dream,Solo / Group,,,,0
4655,Dr.dre+eminem,Solo / Group,,,,0
4656,Cassidy+swizz beatz,Solo / Group,,,,0
4657,Nsync,Solo / Group,,,,0
4658,Dresm Girls,Solo / Group,,,,0
4659,Glen campbell,Solo / Group,,,,0
4660,Kesha,Solo / Group,,,,0
4661,Lukas Graham,Indie / Global,,,,0
4662,展翼樂團,Indie / Global,,,,0
4663,Crispy 脆樂團+熊仔,Solo / Group,,,,0
4664,慢慢說樂團,Solo / Group,,,,0
4665,廖文強+壞神經樂團,Solo / Group,,,,0
4666,曙光樂團,Solo / Group,,,,0
4667,周深+康姆士樂團,Solo / Group,,,,1
4668,Transition前進樂團,Solo / Group,,,,0
4669,BOXING樂團+范曉萱,Solo / Group,,,,0
4670,爽樂團,Solo / Group,,,,0
4671,大台風樂團+小施,Solo / Group,,,,0
4672,icyball冰球樂團+Limi,Solo / Group,,,,0
4673,小男孩樂團+知更,Solo / Group,,,,0
4674,信樂團+戴愛玲,Solo / Group,,,,0
4675,大台風樂團+張皓,Solo / Group,,,,0
4676,寶島新樂團,Solo / Group,,,,0
4677,大台風樂團+法愛,Solo / Group,,,,0
4678,花影樂團,Solo / Group,,,,0
4679,強辯樂團+武虎將+東城衛,Solo / Group,,,,0
4680,CIRCUS樂團,Solo / Group,,,,0
4681,胖虎樂團,Solo / Group,,,,0
4682,南西樂團,Solo / Group,,,,0
4683,董事長樂團+LULU,Solo / Group,,,,0
4684,好樂團+李玖哲,Solo / Group,,,,0
4685,小男孩樂團+理想混蛋 雞丁,Solo / Group,,,,0
4686,小男孩樂團+玖壹壹洋蔥,Solo / Group,,,,1
4687,楊乃文+Crispy 脆樂團,Solo / Group,,,,0
4688,閃靈樂團+珂拉琪,Solo / Group,,,,0
4689,江美琪+椅子樂團,Solo / Group,,,,0
4690,董事長樂團+LULU黃路梓茵,Solo / Group,,,,0
4691,F.I.R. 飛兒樂團+郁可唯,Solo / Group,,,,0
4692,彩虹樂團,Solo / Group,,,,0
4693,酷愛樂團,Solo / Group,,,,0
4694,北七樂團,Solo / Group,,,,0
4695,愛樂團,Solo / Group,,,,0
4696,法蘭黛樂團,Solo / Group,,,,0
4697,鹿角樂團,Solo / Group,,,,0
4698,幻眼樂團,Solo / Group,,,,0
4699,回春丹,Indie / Global,,,,0
4700,Oasis,Indie / Global,,,,0
4701,deca joins,Indie / Global,,,,0
4702,孫盛希 & 希有樂團,Indie / Global,,,,0
4703,落日飛車,Indie / Global,,,,0
4704,福夢,Indie / Global,,,,0
4705,無妄合作社,Indie / Global,,,,0
4706,大象體操,Indie / Global,,,,0
4707,"謝霆鋒, 蕭敬騰 & 王俊凱",Indie / Global,,,,0
4708,溫室雜草,Indie / Global,,,,0
4709,旺褔,Indie / Global,,,,0
4710,煙把兒樂隊,Indie / Global,,,,0
4711,慢樂隊,Solo / Group,,,,0
4712,Maze樂隊,Solo / Group,,,,0
4713,二十二樂隊,Solo / Group,,,,0
4714,無糖核桃樂隊,Solo / Group,,,,0
4715,旅行新蜜蜂樂隊,Solo / Group,,,,0
4716,汪峰+旅行新蜜蜂樂隊+慢樂隊,Solo / Group,,,,0
4717,吳健樂隊,Solo / Group,,,,0
4718,李榮浩領隊+二十二的樂隊,Solo / Group,,,,1
4719,灼海豚樂隊,Solo / Group,,,,0
4720,犬舍樂隊,Solo / Group,,,,0
4721,周駿樂隊,Solo / Group,,,,0
4722,挑戰樂隊,Solo / Group,,,,0
4723,額爾古納樂隊,Solo / Group,,,,0
4724,黃連煜+白目樂隊,Solo / Group,,,,0
4725,黃連煜+白目樂隊小糕,Solo / Group,,,,0
4726,海豚樂隊,Solo / Group,,,,0
4727,花兒樂隊,Solo / Group,,,,0
4728,太極樂隊,Solo / Group,,,,0
4729,溫拿樂隊,Solo / Group,,,,0
4730,青蛙樂隊+王箏,Solo / Group,,,,0
4731,深藍樂隊,Solo / Group,,,,0
4732,風格童星組合,Indie / Global,,,,0
4733,The Chainsmokers,Indie / Global,,,,0
4734,火燒島,Indie / Global,,,,0
4735,艾粒,Indie / Global,,,,0
4736,Fifth Harmony,Indie / Global,,,,0
4737,伊格賽聽 & 不靠譜組合,Indie / Global,,,,0
4738,低調組合,Indie / Global,,,,0
4739,TOP登陸少年組合,Indie / Global,,,,0
4740,丁芙妮+不靠譜組合,Solo / Group,,,,0
4741,冰火組合,Solo / Group,,,,0
4742,XL組合,Solo / Group,,,,0
4743,YY組合,Solo / Group,,,,0
4744,軍嫂組合,Solo / Group,,,,0
4745,青春美少女組合,Solo / Group,,,,0
4746,七朵組合,Solo / Group,,,,0
4747,1306組合,Solo / Group,,,,0
4748,雯雯組合,Solo / Group,,,,0
4749,back number,Indie / Global,,,,0
4750,CreepHyp,Indie / Global,,,,0
4751,Dave Matthews Band,Indie / Global,,,,0
4752,kessoku band,Indie / Global,,,,0
4753,好樂團 & 瑪啡因,Indie / Global,,,,0
4754,法蘭克辛納屈,Indie / Global,,,,0
4755,iKON,Indie / Global,,,,0
4756,PEOPLE 1,Indie / Global,,,,0
4757,Kyle Dixon & Michael Stein,Indie / Global,,,,0
4758,那我懂你意思了,Indie / Global,,,,0
4759,和樂器樂團,Indie / Global,,,,0
4760,琳誼,Indie / Global,,,,0
4761,RubberBand,Solo / Group,,,,0
4762,The band perry,Solo / Group,,,,0
4763,神探天團,Indie / Global,,,,0
4764,黃玉榮,Indie / Global,,,,0
4765,福廣主持天團,Indie / Global,,,,0
4766,拾音社,Indie / Global,,,,0
4767,"蕭淑慎, 麻辣女生, 超級天團 & 顧又銘",Indie / Global,,,,0
4768,"蘇尚卿, 張福正, 呂書君, 金弦 & 郭浩然",Indie / Global,,,,0
4769,70年代人生的復古天團,Indie / Global,,,,0
4770,Plans,Indie / Global,,,,0
4771,靈聲天團 MINDVOICE,Indie / Global,,,,0
4772,萌萌噠天團 & 芊芊,Indie / Global,,,,0
4773,GRe4N BOYZ,Indie / Global,,,,0
4774,GENERATIONS from EXILE TRIBE,Indie / Global,,,,0
4775,SOUTH BLUE,Indie / Global,,,,0
4776,Mr.Children,Indie / Global,,,,0
4777,BUTTER RIOT,Indie / Global,,,,0
4778,水樹奈奈,Indie / Global,,,,0
4779,孫郡,Indie / Global,,,,0
4780,Jesse T,Indie / Global,,,,0
4781,Kuroyume,Indie / Global,,,,0
4782,LET'S,Indie / Global,,,,0
4783,Tetrapodd,Indie / Global,,,,0
4784,吳衛東,Indie / Global,,,,0
4785,lecca,Indie / Global,,,,0
4786,Absolute area,Indie / Global,,,,0
4787,K.D & 章偉傑,Indie / Global,,,,0
4788,Kiyoe Yoshioka,Indie / Global,,,,0
4789,防彈少年團,Indie / Global,,,,0
4790,Kiyoharu,Indie / Global,,,,0
4791,甄子維,Solo / Group,,,,0
4792,劉錫明,Solo / Group,,,,0
4793,孫子涵+李佳薇,Solo / Group,,,,0
4794,拍謝少年+鄭宜農,Solo / Group,,,,0
4795,公館青少年 GGteens,Solo / Group,,,,0
4796,黃愷+張鑫鑫,Solo / Group,,,,0
4797,周深+GAI周延,Solo / Group,,,,1
4798,光合少年,Solo / Group,,,,0
4799,劉順得,Solo / Group,,,,0
4800,蔣敦豪,Solo / Group,,,,0
4801,余瑞昌,Solo / Group,,,,0
4802,李芝蓁,Solo / Group,,,,0
4803,羅時豐+小辣椒,Solo / Group,,,,0
4804,洪第七+莊明珠,Solo / Group,,,,0
4805,劉順德,Solo / Group,,,,0
4806,神龍合唱團,Solo / Group,,,,0
4807,文珠+文夏,Solo / Group,,,,0
4808,小三貓合唱團,Solo / Group,,,,0
4809,林儀貞,Solo / Group,,,,0
4810,魏晨,Solo / Group,,,,0
4811,小三貓,Solo / Group,,,,0
4812,王智君,Solo / Group,,,,0
4813,渡リ廊下走リ隊,Solo / Group,,,,0
4814,石元彬,Solo / Group,,,,0
4815,Shiina Mota,Indie / Global,,,,0
4816,貴族音樂,Indie / Global,,,,0
4817,五輪真弓,Indie / Global,,,,0
4818,王舜,Indie / Global,,,,0
4819,Sayuri Ishikawa,Indie / Global,,,,0
4820,YOUR CALL.,Indie / Global,,,,0
4821,千博樂家族樂團,Indie / Global,,,,0
4822,伴 都美子,Indie / Global,,,,0
4823,村下孝藏,Indie / Global,,,,0
4824,3ep美少女,Solo / Group,,,,0
4825,尤君,Solo / Group,,,,0
4826,文娟,Solo / Group,,,,0
4827,幸雅,Solo / Group,,,,0
4828,火箭少女101,Solo / Group,,,,0
4829,吳淑敏+蔡秋鳳,Solo / Group,,,,0
4830,李美華,Solo / Group,,,,0
4831,尤卿,Solo / Group,,,,0
4832,蓓蕾,Solo / Group,,,,0
4833,Scandal,Solo / Group,,,,0
4834,柳影紅,Solo / Group,,,,0
4835,Nmb48,Solo / Group,,,,0
4836,聲入人心男團,Indie / Global,,,,0
4837,O2O男團,Indie / Global,,,,0
4838,絕世小雪琪 & 失寵男團,Indie / Global,,,,0
4839,O2O男團 & 顏糙糙,Indie / Global,,,,0
4840,MANTA,Indie / Global,,,,0
4841,LASER & MANTA,Indie / Global,,,,0
4842,聲入人心男團 & 迪瑪希Dimash,Indie / Global,,,,0
4843,聲入人心男團 & 王力宏,Indie / Global,,,,0
4844,LASER,Indie / Global,,,,0
4845,MIC男團,Solo / Group,,,,0
4846,五堅情 WOLF(S),Indie / Global,,,,0
4847,本兮,Indie / Global,,,,0
4848,COLLAR,Indie / Global,,,,0
4849,"葉聰明, ya妖精, 小淅兒, 邊靖婷 & 可愛晨",Indie / Global,,,,0
4850,"小阿刁, 雅慧YAYA & JINNEE",Indie / Global,,,,0
4851,喵頭鷹電台,Indie / Global,,,,0
4852,元曦國潮女團,Indie / Global,,,,0
4853,小阿楓,Indie / Global,,,,0
4854,李國煌,Indie / Global,,,,0
4855,Mega Shinnosuke,Indie / Global,,,,0
4856,大島滿,Indie / Global,,,,0
4857,翁立友 & 李明洋,Indie / Global,,,,0
4858,Soler,Indie / Global,,,,0
4859,劉宇寧 & 姚曉棠,Indie / Global,,,,0
4860,張萌萌,Indie / Global,,,,0
4861,張靚穎 & 劉宇寧,Indie / Global,,,,0
4862,劉德華 & 古天樂,Indie / Global,,,,0
4863,胡靜成,Indie / Global,,,,0
4864,景崗山,Solo / Group,,,,0
4865,HANCH兄弟,Solo / Group,,,,0
4866,寶藏兄弟+馬海昕+茵達,Solo / Group,,,,0
4867,衛斯李,Solo / Group,,,,0
4868,風雪月,Solo / Group,,,,0
4869,鴻亮兄弟,Solo / Group,,,,0
4870,袁小迪+郭東盛,Solo / Group,,,,0
4871,小東+陳宏+蒲庭龍,Solo / Group,,,,0
4872,鄭源+鄭東,Solo / Group,,,,0
4873,金澤男,Solo / Group,,,,0
4874,莊振凱+林俊吉,Solo / Group,,,,0
4875,船村徹,Solo / Group,,,,0
4876,びんから兄弟,Solo / Group,,,,0
4877,ぴんから兄弟,Solo / Group,,,,0
4878,巫冬發,Solo / Group,,,,0
4879,袁小迪+許世憑,Solo / Group,,,,0
4880,陳昶均+徐亨,Solo / Group,,,,0
4881,林俊吉+蘇振華,Solo / Group,,,,0
4882,袁小迪+郭東聖,Solo / Group,,,,0
4883,林俊吉+莊振凱,Solo / Group,,,,0
4884,無二兄弟,Solo / Group,,,,0
4885,顧曉宇,Solo / Group,,,,0
4886,能量兄弟,Solo / Group,,,,0
4887,胡力+阿龍正罡,Solo / Group,,,,0
4888,黃勇+趙鑫,Solo / Group,,,,0
4889,陶喆+盧廣仲,Solo / Group,,,,0
4890,小東+陳宏+浦庭龍,Solo / Group,,,,0
4891,鄔兆邦+柯俊傑,Solo / Group,,,,0
4892,余天龍+陳四皆+劉耀明,Solo / Group,,,,0
4893,洪榮宏+林宏銘,Solo / Group,,,,0
4894,郭忠祐+馬國畢,Solo / Group,,,,0
4895,樓宏章+秋褲大叔,Solo / Group,,,,0
4896,黃氏兄弟+王艷薇,Solo / Group,,,,0
4897,孟剛+杜歌+郭少傑,Solo / Group,,,,0
4898,黑龍+關寅飛,Solo / Group,,,,0
4899,任岩,Solo / Group,,,,0
4900,子烽,Solo / Group,,,,0
4901,高山林,Solo / Group,,,,0
4902,龐龍+李永波,Solo / Group,,,,0
4903,曾玲芳,Solo / Group,,,,0
4904,良一+王萊,Solo / Group,,,,0
4905,余哲,Solo / Group,,,,0
4906,蘇振華+林俊吉,Solo / Group,,,,0
4907,良一+彬朝,Solo / Group,,,,0
4908,黃明志+大衛.阿魯穆甘,Solo / Group,,,,0
4909,黃雨勳,Indie / Global,,,,0
4910,豪記大對唱,Indie / Global,,,,0
4911,依錚依靜 Yi-Cheng Yi-Ching,Indie / Global,,,,0
4912,洪如,Indie / Global,,,,0
4913,張楠 & 王玉雯,Indie / Global,,,,0
4914,胡杏兒,Indie / Global,,,,0
4915,縱貫線,Indie / Global,,,,0
4916,錦繡二重唱,Indie / Global,,,,0
4917,"徐熙媛, 小S, 於光中 & 范曉萱",Indie / Global,,,,0
4918,洛天依 & 樂正綾,Indie / Global,,,,0
4919,晨悠CHENYO,Indie / Global,,,,0
4920,櫻桃姊妹,Indie / Global,,,,0
4921,佚名,Indie / Global,,,,0
4922,拉貝克姊妹,Indie / Global,,,,0
4923,紅豆三姐妹,Indie / Global,,,,0
4924,"那英, 容祖兒, 陳梓童 & 王鷗",Indie / Global,,,,0
4925,蕃茄3姐妹,Indie / Global,,,,0
4926,怡菁,Indie / Global,,,,0
4927,晴天姐妹,Indie / Global,,,,0
4928,風采姐妹,Indie / Global,,,,0
4929,東方傳奇,Solo / Group,,,,0
4930,明珠姐妹,Solo / Group,,,,0
4931,蔡桂枝+馮子晏,Solo / Group,,,,0
4932,恬恬姐妹,Solo / Group,,,,0
4933,十姐妹,Solo / Group,,,,0
4934,單夕+向夢園,Solo / Group,,,,0
4935,蔡幸娟+江清蓉,Solo / Group,,,,0
4936,閃亮三姐妹+羅百吉,Solo / Group,,,,0
4937,黃西田+櫻花姐妹,Solo / Group,,,,0
4938,SOS,Solo / Group,,,,0
4939,王秀如,Solo / Group,,,,0
4940,SOS+范曉萱+柳翰雅,Solo / Group,,,,0
4941,四姐妹,Solo / Group,,,,0
4942,林美+甲子慧,Solo / Group,,,,0
4943,江清蓉+蔡幸娟,Solo / Group,,,,0
4944,科爾沁姐妹,Solo / Group,,,,0
4945,SOS+范曉萱,Solo / Group,,,,0
4946,人來瘋二人組,Indie / Global,,,,0
4947,瑪麗二人組,Indie / Global,,,,0
4948,Marcus & Martinus,Indie / Global,,,,0
4949,群眾暴動二人組,Indie / Global,,,,0
4950,李炳輝+辦桌二人組,Solo / Group,,,,0
4951,鄉村二人組,Solo / Group,,,,0
4952,慕容曉曉+辦桌二人組,Solo / Group,,,,0
4953,戴亞 & 三兄弟,Indie / Global,,,,0
4954,Zushi Sankyoudai,Indie / Global,,,,0
4955,"Phil Collins, 倫敦交響樂團 & 馬克・曼西納",Indie / Global,,,,0
4956,宇文碩,Indie / Global,,,,0
4957,張博彥,Indie / Global,,,,0
4958,"阿依吉斯, 三兄弟演唱組, 孔雀演唱組 & 黃薈",Indie / Global,,,,0
4959,劉清池,Indie / Global,,,,0
4960,Maiko Nakamura,Indie / Global,,,,0
4961,"三兄弟演唱組, 孔雀演唱組 & 黃薈",Indie / Global,,,,0
4962,SATO TRIPLETS,Indie / Global,,,,0
4963,楊少龍 & 崔小田,Indie / Global,,,,0
4964,"郭炳坚, 王駿 & 楊明",Indie / Global,,,,0
4965,林美莉,Solo / Group,,,,0
4966,Pinkfong,Indie / Global,,,,0
4967,Bruno Mars,Indie / Global,,,,0
4968,Jonas Brothers,Indie / Global,,,,0
4969,Ed Sheeran & Justin Bieber,Indie / Global,,,,0
4970,Hannya,Indie / Global,,,,0
4971,Owl City & Carly Rae Jepsen,Indie / Global,,,,0
4972,橋本秀幸,Indie / Global,,,,0
4973,納斯‧小子,Indie / Global,,,,0
4974,Selena Gomez & The Scene,Indie / Global,,,,0
4975,曼蒂魔兒 & 柴克·萊威,Indie / Global,,,,0
4976,ZAYN & Zhavia,Indie / Global,,,,0
4977,超級男孩,Indie / Global,,,,0
4978,YOYO家族藝人,Indie / Global,,,,0
4979,家風兒童合唱團,Indie / Global,,,,0
4980,MOMO家族,Indie / Global,,,,0
4981,樂洛伊小子 & Justin Bieber,Indie / Global,,,,0
4982,Phil Collins,Indie / Global,,,,0
4983,Rag'n'Bone Man,Indie / Global,,,,0
4984,高梨康治 & 刃-yaiba-,Indie / Global,,,,0
4985,Nicky Youre & hey daisy,Indie / Global,,,,0
4986,Idina Menzel,Indie / Global,,,,0
4987,Silk Ye & Cindy Dong,Indie / Global,,,,0
4988,孫燕姿 & 楊紫,Indie / Global,,,,0
4989,側田 & 鄧紫棋,Indie / Global,,,,0
4990,吳金黛,Indie / Global,,,,0
4991,五月天 阿信 & 黃渤,Indie / Global,,,,0
4992,門尼,Indie / Global,,,,0
4993,台北曲藝團,Indie / Global,,,,0
4994,"戴維德·迪格斯, 和聲 & Disney",Indie / Global,,,,0
4995,星火合唱小組,Indie / Global,,,,0
4996,白嘉峻 & 王優秀,Indie / Global,,,,0
4997,陳慧琳 & 馮德倫,Indie / Global,,,,0
4998,Patricia Kraeutler,Indie / Global,,,,0
4999,伊格爾・列維特,Indie / Global,,,,0
5000,李昕融 & 中央少年廣播合唱團,Indie / Global,,,,0
5001,吳宗憲 & 温嵐,Indie / Global,,,,0
5002,美麗本人 & 和聲,Indie / Global,,,,0
5003,陳慧琳 & 鄭中基,Indie / Global,,,,0
5004,旅行團樂隊 & 吳青峰,Indie / Global,,,,0
5005,陳思涵+藝人大合唱,Solo / Group,,,,0
5006,2025 全國高中生大合唱,Solo / Group,,,,0
5007,2018全國高中生大合唱,Solo / Group,,,,0
5008,2015全國高中生大合唱,Solo / Group,,,,0
5009,52赫茲我愛你演員群合唱,Solo / Group,,,,0
5010,賴慧如+明日之星大合唱,Solo / Group,,,,0
5011,2020全國高中生大合唱,Solo / Group,,,,0
5012,豬段桃+合唱,Solo / Group,,,,0
5013,印象合唱團,Solo / Group,,,,0
5014,羅百吉+合唱,Solo / Group,,,,0
5015,七郎+合唱,Solo / Group,,,,0
5016,高向鵬+合唱,Solo / Group,,,,0
5017,大滾歌手合唱,Solo / Group,,,,0
5018,范曉萱+合唱,Solo / Group,,,,0
5019,于櫻櫻+合唱,Solo / Group,,,,0
5020,南王婦女合唱團,Solo / Group,,,,0
5021,男女合唱,Solo / Group,,,,0
5022,大合唱(吉馬之星),Solo / Group,,,,0
5023,大信合唱團,Solo / Group,,,,0
5024,羅大佑+ok合唱團,Solo / Group,,,,0
5025,賴慧如+大合唱,Solo / Group,,,,0
5026,醫藥衛生學生大合唱,Solo / Group,,,,0
5027,小烏鴉合唱團,Solo / Group,,,,0
5028,2013全國高中生大合唱,Solo / Group,,,,0
5029,良山+合唱,Solo / Group,,,,0
5030,林展逸+合唱,Solo / Group,,,,0
5031,三立大合唱,Solo / Group,,,,0
5032,52赫茲 我愛你演員群合唱,Solo / Group,,,,0
5033,羅大佑+OK男女合唱團,Solo / Group,,,,0
5034,國際獅子會大合唱,Solo / Group,,,,0
5035,朱小山+佳音兒童合唱團,Solo / Group,,,,0
5036,MPG靜心工作室 & 김윤,Indie / Global,,,,0
5037,小藍背心 & 飛行工作室,Indie / Global,,,,0
5038,久石讓 & 皇家愛樂管弦樂團,Indie / Global,,,,0
5039,九姨太 & 飛行工作室,Indie / Global,,,,0
5040,久石讓 & 倫敦交響樂團,Indie / Global,,,,0
5041,MPG靜心工作室,Indie / Global,,,,0
5042,"久石讓, 皇家愛樂管弦樂團 & 葛莉絲・戴維森",Indie / Global,,,,0
5043,葉斯淳 & 飛行工作室,Indie / Global,,,,0
5044,安鑫音樂工作室,Indie / Global,,,,0
5045,笨蛋兔崽工作室,Indie / Global,,,,0
5046,崇仁堂音樂工作室,Solo / Group,,,,0
5047,劉宇寧 & 小鬼,Indie / Global,,,,0
5048,張靚穎 & 單依純,Indie / Global,,,,0
5049,黃子弘凡,Indie / Global,,,,0
5050,周深 & 薛之謙,Indie / Global,,,,0
5051,鄒序,Indie / Global,,,,0
5052,段奧娟 & 劉端端,Indie / Global,,,,0
5053,影子計劃,Indie / Global,,,,0
5054,黃子弘凡 & 劉宇寧,Indie / Global,,,,0
5055,董嘉鴻,Indie / Global,,,,0
5056,單依純 & 黃子弘凡,Indie / Global,,,,0
5057,一顆狼星(許籃心),Indie / Global,,,,0
5058,黃子弘凡 & 王櫟鑫,Indie / Global,,,,0
5059,ALLDAY PROJECT,Indie / Global,,,,0
5060,Chase McDaniel,Indie / Global,,,,0
5061,The Macarons Project,Indie / Global,,,,0
5062,Project X,Indie / Global,,,,0
5063,Ed Sheeran & Travis Scott,Indie / Global,,,,0
5064,Fly Project,Indie / Global,,,,0
5065,JJ Project,Indie / Global,,,,0
5066,Zowie Kengocha,Indie / Global,,,,0
5067,N.Flying,Indie / Global,,,,0
5068,Matt Champion,Indie / Global,,,,0
5069,Hello Sleepwalkers,Indie / Global,,,,0
5070,The Alan Parsons Project,Indie / Global,,,,0
5071,Drax Project,Indie / Global,,,,0
5072,iCO,Indie / Global,,,,0
5073,Sunstroke Project,Indie / Global,,,,0
5074,CHEN & CHANYEOL,Indie / Global,,,,0
5075,MUSASHI PROJECT,Indie / Global,,,,0
5076,Alan Parsons Project,Solo / Group,,,,0
5077,黃美婷,Indie / Global,,,,0
5078,優雅逆轉,Indie / Global,,,,0
5079,蜜雪 & 薇琪,Indie / Global,,,,0
5080,丹學銳,Indie / Global,,,,0
5081,d4vd,Indie / Global,,,,0
5082,Billie Eilish,Indie / Global,,,,0
5083,Foster the People,Indie / Global,,,,0
5084,yung kai,Indie / Global,,,,0
5085,Post Malone,Indie / Global,,,,0
5086,Clairo,Indie / Global,,,,0
5087,YUNGBLUD,Indie / Global,,,,0
5088,Tom Grennan,Indie / Global,,,,0
5089,The 1975,Indie / Global,,,,0
5090,Junny,Indie / Global,,,,0
5091,Summer Walker,Indie / Global,,,,0
5092,Lana Del Rey,Indie / Global,,,,0
5093,Mac Miller,Indie / Global,,,,0
5094,Kali Uchis,Indie / Global,,,,0
5095,Cafuné,Indie / Global,,,,0
5096,The xx,Indie / Global,,,,0
5097,VH (Vast & Hazy),Indie / Global,,,,0
5098,The Killers,Indie / Global,,,,0
5099,Temper City,Indie / Global,,,,0
5100,Of Monsters and Men,Indie / Global,,,,0
5101,DEAN,Indie / Global,,,,0
5102,The Marías,Indie / Global,,,,0
5103,多米尼克·菲克,Indie / Global,,,,0
5104,拷秋勤,Indie / Global,,,,0
5105,公館青少年 & JOYCE 就以斯,Indie / Global,,,,0
5106,Radiohead,Indie / Global,,,,0
5107,RM,Indie / Global,,,,0
5108,BIBI,Indie / Global,,,,0
5109,HANRORO,Indie / Global,,,,0
5110,The Weeknd & Gesaffelstein,Indie / Global,,,,0
5111,王秀琳,Solo / Group,,,,0
5112,李明依,Solo / Group,,,,0
5113,獨立社+吳婧,Solo / Group,,,,0
5114,周國賢,Indie / Global,,,,0
5115,SoulFa 靈魂沙發,Indie / Global,,,,0
5116,Antarctic Wastelands & Norvik,Indie / Global,,,,0
5117,不可能三角,Indie / Global,,,,0
5118,地下8英里 & Wiz_H張子豪,Indie / Global,,,,0
5119,Oddisee,Indie / Global,,,,0
5120,Sakurazaka46,Indie / Global,,,,0
5121,出羽良彰,Indie / Global,,,,0
5122,AJ Tracey,Indie / Global,,,,0
5123,地下聯盟合唱團,Indie / Global,,,,0
5124,J Dilla,Indie / Global,,,,0
5125,黃霄雲 & DNF 地下城與勇士,Indie / Global,,,,0
5126,Jennifer Lopez,Indie / Global,,,,0
5127,Cadet & Deno,Indie / Global,,,,0
5128,吳志寧,Indie / Global,,,,0
5129,王雁盟,Indie / Global,,,,0
5130,Jme,Indie / Global,,,,0
5131,Dizzee Rascal,Indie / Global,,,,0
5132,大芭,Solo / Group,,,,0
5133,ROSÉ,Indie / Global,,,,0
5134,Kendrick Lamar,Indie / Global,,,,0
5135,Tyla,Indie / Global,,,,0
5136,絲國蘭,Indie / Global,,,,0
5137,Epik High,Indie / Global,,,,0
5138,XG,Indie / Global,,,,0
5139,Miguel,Indie / Global,,,,0
5140,Travis Scott,Indie / Global,,,,0
5141,NF,Indie / Global,,,,0
5142,艾熱AIR,Indie / Global,,,,0
5143,吳榮順,Indie / Global,,,,0
5144,邱清雲 & 謝玲玲,Indie / Global,,,,0
5145,天際線融合爵士樂團,Indie / Global,,,,0
5146,愛客樂,Indie / Global,,,,0
5147,Zi Xuan Huang,Indie / Global,,,,0
5148,向井稔,Indie / Global,,,,0
5149,徐哲緯,Indie / Global,,,,0
5150,A_Root同根生,Indie / Global,,,,0
5151,菁英藝術家三重奏,Indie / Global,,,,0
5152,花之悅 [00:19.38],Indie / Global,,,,0
5153,客家山歌,Indie / Global,,,,0
5154,孟君 & 藍雨青,Indie / Global,,,,0
5155,陳瑋儒,Indie / Global,,,,0
5156,天風,Indie / Global,,,,0
5157,たのしいマグロダンスP,Indie / Global,,,,0
5158,桃園市國樂團,Indie / Global,,,,0
5159,黃鎮炘,Indie / Global,,,,0
5160,蕭迦勒,Indie / Global,,,,0
5161,葉鈺渟,Indie / Global,,,,0
5162,江晟榮,Indie / Global,,,,0
5163,邱廉欽,Indie / Global,,,,0
5164,呂紹淳,Indie / Global,,,,0
5165,全球聲韻客家歌劇團,Indie / Global,,,,0
5166,夏以儷,Indie / Global,,,,0
5167,劉榮昌,Indie / Global,,,,0
5168,張少林,Indie / Global,,,,0
5169,溫秀貞 & 張水妹,Indie / Global,,,,0
5170,巴洛克獨奏家樂團,Indie / Global,,,,0
5171,張啟輝,Indie / Global,,,,0
5172,Asia Musical Productions,Indie / Global,,,,0
5173,黃瑋,Indie / Global,,,,0
5174,黃連煜,Solo / Group,,,,0
5175,蕭佩茹+劉俊明+張燈明,Solo / Group,,,,0
5176,曾超,Solo / Group,,,,0
5177,陳莉,Solo / Group,,,,0
5178,徐子雁,Solo / Group,,,,0
5179,徐子晏,Solo / Group,,,,0
5180,龍飛,Solo / Group,,,,0
5181,吳應文,Solo / Group,,,,0
5182,明玉,Solo / Group,,,,0
5183,劉俊明+張燈明+蕭佩,Solo / Group,,,,0
5184,李福明,Solo / Group,,,,0
5185,黃連煜+對唱,Solo / Group,,,,0
5186,康雷,Solo / Group,,,,0
5187,廖秋玲,Solo / Group,,,,0
5188,呂金守,Solo / Group,,,,0
5189,客家歪歌,Solo / Group,,,,0
5190,池秋美,Solo / Group,,,,0
5191,劉俊明+張燈明,Solo / Group,,,,0
5192,劉福助+對唱,Solo / Group,,,,0
5193,客家仙子,Solo / Group,,,,0
5194,劉翰安,Indie / Global,,,,0
5195,阿美族民歌,Indie / Global,,,,0
5196,AM合唱團,Indie / Global,,,,0
5197,黃韻齡,Indie / Global,,,,0
5198,黃韻齡 & 劉翰安,Indie / Global,,,,0
5199,蕭智允,Indie / Global,,,,0
5200,伊福部昭,Indie / Global,,,,0
5201,卓秋琴,Indie / Global,,,,0
5202,胡翠雲,Indie / Global,,,,0
5203,楊子駿,Indie / Global,,,,0
5204,張惠仙,Indie / Global,,,,0
5205,馬蘭吟唱隊 & 董事長樂團,Indie / Global,,,,0
5206,潘金英,Indie / Global,,,,0
5207,謝皓成,Indie / Global,,,,0
5208,"寶貝音樂盒, 嬰兒安眠曲 & 小愛的輕音樂",Indie / Global,,,,0
5209,歐讚XEK,Indie / Global,,,,0
5210,宜蘭縣崗給原住民永續發展協會,Indie / Global,,,,0
5211,黃伯樂,Solo / Group,,,,0
5212,柯花珍,Solo / Group,,,,0
5213,DJ鐵柱,Indie / Global,,,,0
5214,原調音樂,Indie / Global,,,,0
5215,王者榮耀同人局,Indie / Global,,,,0
5216,Sadayoshi Atsumi,Indie / Global,,,,0
5217,Noble Music Project,Indie / Global,,,,0
5218,陳樂 & 李金娜,Indie / Global,,,,0
5219,"趙曉霞, 李娟 & 馬瑞",Indie / Global,,,,0
5220,馬昭,Indie / Global,,,,0
5221,歐爾嘉 · 許普絲,Indie / Global,,,,0
5222,店鋪背景音樂,Indie / Global,,,,0
5223,洪傑 & click打擊樂團,Indie / Global,,,,0
5224,Tatjana Blome,Indie / Global,,,,0
5225,Anna Szałucka,Indie / Global,,,,0
5226,Rosie Bennet,Indie / Global,,,,0
5227,Graham Anthony Devine,Indie / Global,,,,0
5228,史卡拉愛樂管弦樂團 & 里卡多・夏伊,Indie / Global,,,,0
5229,古風合唱團,Indie / Global,,,,0
5230,賈愛國,Indie / Global,,,,0
5231,李雨,Indie / Global,,,,0
5232,羅頤景,Indie / Global,,,,0
5233,Zoe. G,Indie / Global,,,,0
5234,GOT7,Indie / Global,,,,0
5235,Rainbow,Indie / Global,,,,0
5236,Lady Gaga & Bruno Mars,Indie / Global,,,,0
5237,Ariana Grande & Justin Bieber,Indie / Global,,,,0
5238,Charlie Puth,Indie / Global,,,,0
5239,卡斯柏+徐藝洋,Solo / Group,,,,0
5240,黃復旦+劉文君,Solo / Group,,,,0
5241,王極,Solo / Group,,,,0
5242,五堅情+邱鋒澤+陳零九+賴晏駒+黃偉晉+婁峻碩,Solo / Group,,,,0
5243,郭芝吟,Solo / Group,,,,0
5244,No Limit無限甜心,Solo / Group,,,,0
5245,方大同+王詩安,Solo / Group,,,,0
5246,胡文煊+蘇勛倫,Solo / Group,,,,0
5247,舒子晨,Solo / Group,,,,0
5248,吳思賢,Solo / Group,,,,0
5249,SIA,Solo / Group,,,,0
5250,Barry Chen,Solo / Group,,,,0
5251,刀醬,Solo / Group,,,,0
5252,Atlantic Starr,Solo / Group,,,,0
5253,Rod Stewart,Solo / Group,,,,0
5254,WEWE,Solo / Group,,,,0
5255,張富淵,Solo / Group,,,,0
5256,厲娜,Solo / Group,,,,0
5257,陳傑瑞+潘嘉麗,Solo / Group,,,,0
5258,阿政,Solo / Group,,,,0
5259,倉木麻衣,Solo / Group,,,,0
5260,サザンオ─ルスタ─ズ,Solo / Group,,,,0
5261,Smash Mouth,Solo / Group,,,,0
5262,倪子岡,Solo / Group,,,,0
5263,李杰明+陳忻玥,Solo / Group,,,,0
5264,NINA,Solo / Group,,,,0
5265,Kenny Rogers,Solo / Group,,,,0
5266,TUBE,Solo / Group,,,,0
5267,孫盛希+KIRE,Solo / Group,,,,0
5268,AKBENJAMIN+MARZ23,Solo / Group,,,,0
5269,浜崎あゆみ,Solo / Group,,,,0
5270,サザンオールスターズ,Solo / Group,,,,0
5271,BOOM!怪物星人,Solo / Group,,,,0
5272,Showmaîn,Solo / Group,,,,0
5273,倪子崗,Solo / Group,,,,0
5274,2女,Solo / Group,,,,0
5275,麻秋虹,Solo / Group,,,,0
5276,何以奇+劉允樂,Solo / Group,,,,0
5277,O-ZONE,Solo / Group,,,,0
5278,蕭薔,Solo / Group,,,,0
5279,Mary j.blige,Solo / Group,,,,0
5280,中島美嘉,Solo / Group,,,,0
5281,兩個女生,Solo / Group,,,,0
5282,Nick jonas+the administration,Solo / Group,,,,0
5283,Celine dion,Solo / Group,,,,0
5284,自由發揮+徐薇,Solo / Group,,,,1
5285,呂芳+顏志琳+袁惟仁,Solo / Group,,,,0
5286,永彬Ryan.B & 周延英,Indie / Global,,,,0
5287,永彬Ryan.B,Indie / Global,,,,0
5288,Jin,Indie / Global,,,,0
5289,Know Know & Higher Brothers,Indie / Global,,,,0
5290,QWER,Indie / Global,,,,0
5291,Crush,Indie / Global,,,,0
5292,UMI & 金泰亨,Indie / Global,,,,0
5293,Jessie J,Indie / Global,,,,0
5294,B.o.B,Indie / Global,,,,0
5295,Rammstein,Indie / Global,,,,0
5296,HWASA,Indie / Global,,,,0
5297,eAeon,Indie / Global,,,,0
5298,克勞迪奧・阿勞,Indie / Global,,,,0
5299,CoComelon,Indie / Global,,,,0
5300,TREASURE,Indie / Global,,,,0
5301,Ruth B.,Indie / Global,,,,0
5302,B.o.B feat. Hayley Williams,Indie / Global,,,,0
5303,So!YoON!,Indie / Global,,,,0
5304,Rita Ora,Indie / Global,,,,0
5305,"NATURE, 金泰亨 & UMI",Indie / Global,,,,0
5306,ØZI+9m88,Solo / Group,,,,0
5307,The Writers+寫手,Solo / Group,,,,0
5308,金承熙,Solo / Group,,,,0
5309,BCW+玖壹壹Ken-G,Solo / Group,,,,0
5310,KRIS 沈建宏,Solo / Group,,,,0
5311,台灣爽,Solo / Group,,,,0
5312,先宇,Solo / Group,,,,0
5313,A1 TRIP-Nick.Y,Solo / Group,,,,0
5314,張雅涵Kim,Solo / Group,,,,0
5315,Tyson Yoshi+張敬軒,Solo / Group,,,,0
5316,大淵,Solo / Group,,,,0
5317,Rita,Solo / Group,,,,0
5318,Twinko,Solo / Group,,,,0
5319,黃奕,Solo / Group,,,,0
5320,嘿人李逵+劉炫廷,Solo / Group,,,,0
5321,hanji,Solo / Group,,,,0
5322,瑤瑤,Solo / Group,,,,0
5323,Frank sinatra,Solo / Group,,,,0
5324,Stories,Solo / Group,,,,0
5325,陳偉達,Solo / Group,,,,0
5326,東方TJ,Solo / Group,,,,0
5327,東方T+J,Solo / Group,,,,0
5328,陳俊生,Solo / Group,,,,0
5329,魏晨+何潔,Solo / Group,,,,0
5330,WONDER+GIRLS,Solo / Group,,,,0
5331,林二汶,Solo / Group,,,,0
5332,Bruce Channel,Solo / Group,,,,0
5333,Ritchie Valens,Solo / Group,,,,0
5334,The Marcels,Solo / Group,,,,0
5335,Robbie Williams,Solo / Group,,,,0
5336,Lara Fabian,Solo / Group,,,,0
5337,Ben E. King,Solo / Group,,,,0
5338,Jimmy Dorsey,Solo / Group,,,,0
5339,Debbie Gibson,Solo / Group,,,,0
5340,Elvis Presley,Solo / Group,,,,0
5341,Gene Vincent,Solo / Group,,,,0
5342,Emilia,Solo / Group,,,,0
5343,Mr. Big,Solo / Group,,,,0
5344,Casablanca,Solo / Group,,,,0
5345,XXXMIRACLE+NEMOKII,Solo / Group,,,,0
5346,babyMINT,Solo / Group,,,,0
5347,AQUA,Solo / Group,,,,0
5348,湯音璇,Solo / Group,,,,0
5349,CARLY RAE JEPSEN,Solo / Group,,,,0
5350,同理+王淨,Solo / Group,,,,0
5351,木曜4超玩,Solo / Group,,,,0
5352,Maroon 5,Solo / Group,,,,0
5353,OZI+9m88,Solo / Group,,,,0
5354,頑童MJ116+張惠妹,Solo / Group,,,,0
5355,5566+7F,Solo / Group,,,,0
5356,Ms.ooja,Solo / Group,,,,0
5357,東方T+東方J,Solo / Group,,,,0
5358,機動現場+Samuel,Solo / Group,,,,0
5359,中國娃娃+DRAGON 5,Solo / Group,,,,0
5360,何潔+魏晨,Solo / Group,,,,0
5361,東方神起,Solo / Group,,,,0
5362,安鈞璨+張庭偉,Solo / Group,,,,0
5363,Alan,Solo / Group,,,,0
5364,木村カエラ,Solo / Group,,,,0
5365,Iyaz,Solo / Group,,,,0
5366,Alexandra stan,Solo / Group,,,,0
5367,Justin bieber+ludacris,Solo / Group,,,,0
5368,舞曲,Solo / Group,,,,0
5369,LOOΠΔ / yyxy,Indie / Global,,,,0
5370,Grimes,Indie / Global,,,,0
5371,Miho Nakayama,Indie / Global,,,,0
5372,Frank Ocean,Indie / Global,,,,0
5373,原子少年 火土聯盟,Indie / Global,,,,0
5374,toe,Indie / Global,,,,0
5375,ONE OK ROCK,Indie / Global,,,,0
5376,Błażej Król,Indie / Global,,,,0
5377,X Ambassadors,Indie / Global,,,,0
5378,C. Lauper,Indie / Global,,,,0
5379,BOYNEXTDOOR,Indie / Global,,,,0
5380,林潔心,Indie / Global,,,,0
5381,TOMORROW X TOGETHER,Indie / Global,,,,0
5382,林俊傑+鄭容和,Solo / Group,,,,0
5383,圳南,Solo / Group,,,,0
5384,馬浩原,Solo / Group,,,,0
5385,CHING G SQUAD,Solo / Group,,,,0
5386,袁詠琳ft. MP魔幻力量 廷廷+嘎嘎,Solo / Group,,,,0
5387,黃明志+羅百吉,Solo / Group,,,,0
5388,薛明媛,Solo / Group,,,,0
5389,屁孩 RYAN+水水MIZU98,Solo / Group,,,,0
5390,GENBLUE 幻藍小熊,Solo / Group,,,,0
5391,歪歪超,Solo / Group,,,,0
5392,法愛+以樂,Solo / Group,,,,0
5393,Finzy Kontini,Solo / Group,,,,0
5394,Neil Sedaka,Solo / Group,,,,0
5395,Tevin Campbell,Solo / Group,,,,0
5396,The Corrs,Solo / Group,,,,0
5397,Wham,Solo / Group,,,,0
5398,GLAY,Solo / Group,,,,0
5399,LOBO,Solo / Group,,,,0
5400,Tracy Chapman,Solo / Group,,,,0
5401,Leo Sayer,Solo / Group,,,,0
5402,Johnny Nash,Solo / Group,,,,0
5403,立威廉,Solo / Group,,,,0
5404,Lisa Fisher,Solo / Group,,,,0
5405,Pussycat Dolls,Solo / Group,,,,0
5406,CHINGGSQUAD,Solo / Group,,,,0
5407,翁鈺鈞,Solo / Group,,,,0
5408,尚融,Solo / Group,,,,0
5409,悟飛LUFFY+JAYRoll,Solo / Group,,,,0
5410,伯遠+張碧晨,Solo / Group,,,,1
5411,黃明志+黃秋生,Solo / Group,,,,0
5412,KINKIS,Solo / Group,,,,0
5413,板野友美,Solo / Group,,,,0
5414,Miwa,Solo / Group,,,,0
5415,福井舞,Solo / Group,,,,0
5416,林依晨+梁又琳,Solo / Group,,,,0
5417,Matt kennon,Solo / Group,,,,0
5418,板野友美+篠田麻里子,Solo / Group,,,,0
5419,阿筎那,Solo / Group,,,,0
5420,Katy perry,Solo / Group,,,,0
5421,David guetta+akon,Solo / Group,,,,0
5422,OVERDOSE,Solo / Group,,,,0
5423,CyndI lauper,Solo / Group,,,,0
5424,5566+七朵花,Solo / Group,,,,0
5425,RUPERT HOLMES,Solo / Group,,,,0
5426,林依晨+楊謹華+梁又琳+林立雯+張天霖+李岳,Solo / Group,,,,0
5427,吳佩慈,Solo / Group,,,,0
5428,REATLES,Solo / Group,,,,0
5429,Jason Piano,Indie / Global,,,,0
5430,D.O.,Indie / Global,,,,0
5431,Baby Lullaby Academy,Indie / Global,,,,0
5432,春野,Indie / Global,,,,0
5433,melo-D,Indie / Global,,,,0
5434,D-51,Indie / Global,,,,0
5435,項睿嫻,Indie / Global,,,,0
5436,SUPER JUNIOR-D&E,Indie / Global,,,,0
5437,Dynoro & Gigi D'Agostino,Indie / Global,,,,0
5438,Lil RAD,Indie / Global,,,,0
5439,菅野祐悟,Indie / Global,,,,0
5440,Whee In,Indie / Global,,,,0
5441,Ella Mai,Indie / Global,,,,0
5442,Nora Says,Solo / Group,,,,0
5443,Ring,Solo / Group,,,,0
5444,高爾宣+李浩瑋,Solo / Group,,,,0
5445,沈騰+賈玲+楊迪,Solo / Group,,,,0
5446,X-Sister+沈夢辰,Solo / Group,,,,0
5447,吳建豪+林峰+蔡珩+方逸倫,Solo / Group,,,,0
5448,GENTLEMAN,Solo / Group,,,,0
5449,77Ke 柯棨棋,Solo / Group,,,,0
5450,黛安娜,Solo / Group,,,,0
5451,談靜,Solo / Group,,,,0
5452,李威+林祐威,Solo / Group,,,,0
5453,派偉俊+周杰倫,Solo / Group,,,,1
5454,楊ＣＣ,Solo / Group,,,,0
5455,草蜢+關淑怡,Solo / Group,,,,0
5456,羅中旭,Solo / Group,,,,0
5457,丹尼男孩,Solo / Group,,,,0
5458,呂佳芳,Solo / Group,,,,0
5459,Simple Minds,Solo / Group,,,,0
5460,Bette Midler,Solo / Group,,,,0
5461,Kansas,Solo / Group,,,,0
5462,The Monkees,Solo / Group,,,,0
5463,Whitney Houston,Solo / Group,,,,0
5464,Pink,Solo / Group,,,,0
5465,Tina Turner,Solo / Group,,,,0
5466,Randy Crawford,Solo / Group,,,,0
5467,Alan Walker+AU/RA+Tomine Harket,Solo / Group,,,,0
5468,KE$HA,Solo / Group,,,,0
5469,悟飛Luffy+Macdella,Solo / Group,,,,0
5470,3WICH,Solo / Group,,,,0
5471,文慧如+邱鋒澤,Solo / Group,,,,0
5472,LINKIN PARK,Solo / Group,,,,0
5473,悟飛Luffy+Asiaboy禁藥王,Solo / Group,,,,0
5474,HUR,Solo / Group,,,,0
5475,高爾宣+派偉俊,Solo / Group,,,,0
5476,江靜+瘦子E.SO,Solo / Group,,,,0
5477,98 degrees,Solo / Group,,,,0
5478,舒淇+劉德華,Solo / Group,,,,0
5479,Speed,Solo / Group,,,,0
5480,木崎ゆりあ,Solo / Group,,,,0
5481,V6,Solo / Group,,,,0
5482,Ske48,Solo / Group,,,,0
5483,Juju,Solo / Group,,,,0
5484,陶妍霖,Solo / Group,,,,0
5485,DAVE LOGGINS,Solo / Group,,,,0
5486,ALL 4 ONE,Solo / Group,,,,0
5487,平井  堅,Solo / Group,,,,0
5488,EAST END*YURI(FR,Solo / Group,,,,0
5489,王詩安 Diana Wang,Solo / Group,,,,0
5490,卡斯柏,Solo / Group,,,,0
5491,Calvin Harris,Solo / Group,,,,0
5492,陳涵瑜球球,Solo / Group,,,,0
5493,Tpi,Solo / Group,,,,0
5494,郭修彧+葛仲珊,Solo / Group,,,,0
5495,徐良+李晟,Solo / Group,,,,0
5496,BCW+A-Flight,Solo / Group,,,,0
5497,io,Solo / Group,,,,0
5498,Morris Albert,Solo / Group,,,,0
5499,趙薇,Solo / Group,,,,0
5500,TOKYO D,Solo / Group,,,,0
5501,尾崎豐,Solo / Group,,,,0
5502,Fool's Garden,Solo / Group,,,,0
5503,John Denver,Solo / Group,,,,0
5504,Lionel Richie+Diana Ross,Solo / Group,,,,0
5505,PSY,Solo / Group,,,,0
5506,渡邊美里,Solo / Group,,,,0
5507,R.E.M.,Solo / Group,,,,0
5508,玖壹壹+187INC+賴慈泓+BCW+草屯囝仔+臭屁嬰仔+艾文同學,Solo / Group,,,,0
5509,潘若迪,Solo / Group,,,,0
5510,劉柏辛,Solo / Group,,,,0
5511,阿政+黃倩宜,Solo / Group,,,,0
5512,Deep,Solo / Group,,,,0
5513,G,Solo / Group,,,,0
5514,The veronicas,Solo / Group,,,,0
5515,MR,Solo / Group,,,,0
5516,Faith no more,Solo / Group,,,,0
5517,Pet shop boys,Solo / Group,,,,0
5518,EXILE,Solo / Group,,,,0
5519,Mika,Solo / Group,,,,0
5520,Kanye west+maroon 5,Solo / Group,,,,0
5521,楊丞琳+羅志祥,Solo / Group,,,,0
5522,河西智美,Solo / Group,,,,0
5523,Ronan keating,Solo / Group,,,,0
5524,Gwen stefani+akon,Solo / Group,,,,0
5525,霍經倫,Solo / Group,,,,0
5526,MAXIMUM THE HORMONE,Indie / Global,,,,0
5527,OSUN,Indie / Global,,,,0
5528,f(x),Indie / Global,,,,0
5529,Don Toliver,Indie / Global,,,,0
5530,Flower,Indie / Global,,,,0
5531,Tate McRae,Indie / Global,,,,0
5532,7ORDER,Indie / Global,,,,0
5533,FTISLAND,Indie / Global,,,,0
5534,F*yy,Indie / Global,,,,0
5535,紛亂交錯,Solo / Group,,,,0
5536,Mariah Carey+Trey Lorenz,Solo / Group,,,,0
5537,Kandi,Solo / Group,,,,0
5538,Alan  Walker,Solo / Group,,,,0
5539,郭曉曉,Solo / Group,,,,0
5540,Matzka 瑪斯卡+布蘭地,Solo / Group,,,,0
5541,都智文+曾可妮,Solo / Group,,,,0
5542,袁詠琳,Solo / Group,,,,0
5543,G.O.F,Solo / Group,,,,0
5544,九九+陳忻玥,Solo / Group,,,,0
5545,FEniX,Solo / Group,,,,0
5546,Solar 頌樂+9m88,Solo / Group,,,,0
5547,Lee,Solo / Group,,,,0
5548,方大同+Fifi Rong,Solo / Group,,,,0
5549,張智成+陳綺萱,Solo / Group,,,,0
5550,蕭賀碩+古皓,Solo / Group,,,,0
5551,邊疆,Solo / Group,,,,0
5552,Lauren Wood,Solo / Group,,,,0
5553,高橋真梨子,Solo / Group,,,,0
5554,Gary Barlow,Solo / Group,,,,0
5555,Alphaville,Solo / Group,,,,0
5556,Boyzone,Solo / Group,,,,0
5557,J.Stol.Del Roma,Solo / Group,,,,0
5558,Hooters,Solo / Group,,,,0
5559,Jerry Lee Lewis,Solo / Group,,,,0
5560,Clive Griffin+Celine Dion,Solo / Group,,,,0
5561,吳卓源+瘦子E.SO,Solo / Group,,,,0
5562,F.I.R.+Do As Infinity,Solo / Group,,,,0
5563,Hilary duff,Solo / Group,,,,0
5564,Irene cara,Solo / Group,,,,0
5565,澤尻繪里香,Solo / Group,,,,0
5566,Mya,Solo / Group,,,,0
5567,Destiny's child,Solo / Group,,,,0
5568,Cascada,Solo / Group,,,,0
5569,6treg,Solo / Group,,,,0
5570,Within temptation,Solo / Group,,,,0
5571,Dj khaled+rick ross,Solo / Group,,,,0
5572,前田敦子,Solo / Group,,,,0
5573,張新,Solo / Group,,,,0
5574,Christina Aguilera,Solo / Group,,,,0
5575,Sister sledge,Solo / Group,,,,0
5576,玉置成實,Solo / Group,,,,0
5577,YLVIS,Solo / Group,,,,0
5578,Trace fone,Solo / Group,,,,0
5579,玖壹壹+187INC謀殺有限公司+賴慈泓+BCW+草屯囝仔+臭屁嬰仔+艾文同學,Solo / Group,,,,0
5580,2個女生,Solo / Group,,,,0
5581,THE CARDIGANS,Solo / Group,,,,0
5582,PSEUDO ECHO,Solo / Group,,,,0
5583,吳順涵,Solo / Group,,,,0
5584,i-dle,Indie / Global,,,,0
5585,CORTIS,Indie / Global,,,,0
5586,Gerald Albright,Indie / Global,,,,0
5587,G-DRAGON & Anderson .Paak,Indie / Global,,,,0
5588,月之海樂團,Indie / Global,,,,0
5589,G-Eazy & Kehlani,Indie / Global,,,,0
5590,太陽,Indie / Global,,,,0
5591,林大晉,Solo / Group,,,,0
5592,李幸倪+BCW,Solo / Group,,,,0
5593,ICE MAN,Solo / Group,,,,0
5594,黃明志+玖壹壹,Solo / Group,,,,0
5595,黃右年+YONIEN+ZOE THE CHEF,Solo / Group,,,,0
5596,Alabama,Solo / Group,,,,0
5597,張爽,Solo / Group,,,,0
5598,張艾莉+芭樂,Solo / Group,,,,0
5599,韓真真,Solo / Group,,,,0
5600,Oleta Adams,Solo / Group,,,,0
5601,David Gates,Solo / Group,,,,0
5602,The Proclaimers,Solo / Group,,,,0
5603,八反安未果,Solo / Group,,,,0
5604,Petula Clark,Solo / Group,,,,0
5605,尾崎豊,Solo / Group,,,,0
5606,山根康広,Solo / Group,,,,0
5607,U:NUS,Solo / Group,,,,0
5608,蔡健雅+CARLABRUNI,Solo / Group,,,,0
5609,L'ARC~EN~CIEL,Solo / Group,,,,0
5610,葛西瓦+郭婞淳+楊勇緯,Solo / Group,,,,0
5611,黃右年YONIEN+ZOE THE CHEF,Solo / Group,,,,0
5612,譚詠麟+MR,Solo / Group,,,,0
5613,Sugababes,Solo / Group,,,,0
5614,BOY'Z+劉思惠,Solo / Group,,,,0
5615,Se7en+lil kim,Solo / Group,,,,0
5616,BOY'Z,Solo / Group,,,,0
5617,Kat tun,Solo / Group,,,,0
5618,Sdn48,Solo / Group,,,,0
5619,Yui,Solo / Group,,,,0
5620,Barbra streisand+barry gibb,Solo / Group,,,,0
5621,Clipse+pharrell williams,Solo / Group,,,,0
5622,Serani,Solo / Group,,,,0
5623,蔡日軒,Solo / Group,,,,0
5624,沈建宏,Solo / Group,,,,0
5625,T-rex,Solo / Group,,,,0
5626,西野カナ,Solo / Group,,,,0
5627,Owl City+Carly Rae Jepsen,Solo / Group,,,,0
5628,自由發揮+鄭多燕,Solo / Group,,,,1
5629,嚴浩翔,Indie / Global,,,,0
5630,Harry Styles,Indie / Global,,,,0
5631,Daniel Caesar,Indie / Global,,,,0
5632,TOOL,Indie / Global,,,,0
5633,shunji iwai,Indie / Global,,,,0
5634,梨凍緊 & Wiz_H張子豪,Indie / Global,,,,0
5635,orangentle,Indie / Global,,,,0
5636,Popo J,Indie / Global,,,,0
5637,H.E.R.,Indie / Global,,,,0
5638,GAM,Indie / Global,,,,0
5639,凡清,Solo / Group,,,,0
5640,新風暴+王霏霏,Solo / Group,,,,0
5641,丁噹+MP魔幻力量+鼓鼓,Solo / Group,,,,0
5642,傑利Jelly,Solo / Group,,,,0
5643,許芛珩,Solo / Group,,,,0
5644,葉凡,Solo / Group,,,,0
5645,嫚嬣,Solo / Group,,,,0
5646,WONDERGIRLS,Solo / Group,,,,0
5647,Michael Buble,Solo / Group,,,,0
5648,九月露營人,Solo / Group,,,,0
5649,Trisha Yearwood,Solo / Group,,,,0
5650,Billy Ray Cyrus,Solo / Group,,,,0
5651,England Dan+John Ford Coley,Solo / Group,,,,0
5652,國蛋GorDoN,Solo / Group,,,,0
5653,蔡詩芸+瘦子E.SO,Solo / Group,,,,0
5654,國蛋GorDoN+蛋堡,Solo / Group,,,,0
5655,郭修彧,Solo / Group,,,,0
5656,嘻哈高校,Solo / Group,,,,0
5657,HIT-5,Solo / Group,,,,0
5658,Enrique iglesias,Solo / Group,,,,0
5659,James blunt,Solo / Group,,,,0
5660,Goo goo dolls,Solo / Group,,,,0
5661,Mousse t ++Hot'n'juicy,Solo / Group,,,,0
5662,Dido,Solo / Group,,,,0
5663,Rahman+the pussycat dolls,Solo / Group,,,,0
5664,EXO_M,Solo / Group,,,,0
5665,Kt tunstall,Solo / Group,,,,0
5666,R++b+Gibb,Solo / Group,,,,0
5667,Michael franti+spearhead,Solo / Group,,,,0
5668,Sonny+cher,Solo / Group,,,,0
5669,鍾偉強+畢夏,Solo / Group,,,,0
5670,The black eyed peas,Solo / Group,,,,0
5671,TAEYEON,Indie / Global,,,,0
5672,BUMP OF CHICKEN,Indie / Global,,,,0
5673,TWICE,Indie / Global,,,,0
5674,OneRepublic,Indie / Global,,,,0
5675,Wiz Khalifa,Indie / Global,,,,0
5676,Dua Lipa & BLACKPINK,Indie / Global,,,,0
5677,LAUV,Indie / Global,,,,0
5678,6cyclemind,Indie / Global,,,,0
5679,The Walters,Indie / Global,,,,0
5680,郭雪芙,Solo / Group,,,,0
5681,OK繃,Solo / Group,,,,0
5682,蔡依淋,Solo / Group,,,,0
5683,John Lennon,Solo / Group,,,,0
5684,Aaron Hall,Solo / Group,,,,0
5685,陳柏宇,Solo / Group,,,,0
5686,America,Solo / Group,,,,0
5687,Chris De Brugh,Solo / Group,,,,0
5688,Bread,Solo / Group,,,,0
5689,Macy gray,Solo / Group,,,,0
5690,CALLSTAR,Solo / Group,,,,0
5691,May's,Solo / Group,,,,0
5692,Faith hill,Solo / Group,,,,0
5693,The saturdays,Solo / Group,,,,0
5694,Chris brown+juelz santana,Solo / Group,,,,0
5695,林憶蓮+齊豫,Solo / Group,,,,0
5696,The beatles,Solo / Group,,,,0
5697,Maxwell,Solo / Group,,,,0
5698,陶轔竹,Solo / Group,,,,0
5699,葳蕤,Solo / Group,,,,0
5700,Vanessa williams+brian mcknight,Solo / Group,,,,0
5701,Jason derulo,Solo / Group,,,,0
5702,Patrigio buanne,Solo / Group,,,,0
5703,J.Tajor,Indie / Global,,,,0
5704,LEON,Indie / Global,,,,0
5705,n@di,Indie / Global,,,,0
5706,STAYC,Indie / Global,,,,0
5707,HowL & J,Indie / Global,,,,0
5708,j-hope,Indie / Global,,,,0
5709,j-hope & Miguel,Indie / Global,,,,0
5710,Ty Dolla $ign,Indie / Global,,,,0
5711,彭靖惠,Solo / Group,,,,0
5712,JOHNNIE RAY,Solo / Group,,,,0
5713,寧靜,Solo / Group,,,,0
5714,張睿倫,Solo / Group,,,,0
5715,范曉萱+IPIS蟑螂,Solo / Group,,,,0
5716,張哲瀚,Solo / Group,,,,0
5717,Peter Paul+Mary,Solo / Group,,,,0
5718,Randy Van Warmer,Solo / Group,,,,0
5719,THE CARPENTERS,Solo / Group,,,,0
5720,高橋みなみ,Solo / Group,,,,0
5721,Outkast,Solo / Group,,,,0
5722,絢香,Solo / Group,,,,0
5723,Wall of sound big arrangement,Solo / Group,,,,0
5724,Akon+the lonely island,Solo / Group,,,,0
5725,Jennifer lopez+pitbull,Solo / Group,,,,0
5726,Barry Gibb,Solo / Group,,,,0
5727,THE BEE GEES,Solo / Group,,,,0
5728,Ske48+team s,Solo / Group,,,,0
5729,Maroon 5+christina aguilera,Solo / Group,,,,0
5730,Will smith,Solo / Group,,,,0
5731,Josh turner,Solo / Group,,,,0
5732,藍迪范沃瑪,Solo / Group,,,,0
5733,歐漢聲,Solo / Group,,,,0
5734,Cigarettes After Sex,Indie / Global,,,,0
5735,Mac DeMarco,Indie / Global,,,,0
5736,GRAY,Indie / Global,,,,0
5737,蔡樂,Indie / Global,,,,0
5738,Jessi,Indie / Global,,,,0
5739,尹美萊 & BIBI,Indie / Global,,,,0
5740,sokodomo,Indie / Global,,,,0
5741,Leellamarz & TOIL,Indie / Global,,,,0
5742,Loco & Punch,Indie / Global,,,,0
5743,K-391,Indie / Global,,,,0
5744,Dynamicduo & DJ Premier,Indie / Global,,,,0
5745,Leellamarz,Indie / Global,,,,0
5746,Basick,Indie / Global,,,,0
5747,Primary,Indie / Global,,,,0
5748,Clean Bandit & 媚布兒,Indie / Global,,,,0
5749,Sik-K,Indie / Global,,,,0
5750,nowimyoung & Royal 44,Indie / Global,,,,0
5751,吳映潔GEmma,Solo / Group,,,,0
5752,嚴詠能,Solo / Group,,,,0
5753,麥小兜+單色凌,Solo / Group,,,,0
5754,李祐誠,Solo / Group,,,,0
5755,Hengjones大亨,Solo / Group,,,,0
5756,ØZI+KENZY小春,Solo / Group,,,,0
5757,自由派對,Solo / Group,,,,0
5758,廖秋濟,Solo / Group,,,,0
5759,豬哥亮+蔡佳瑩,Solo / Group,,,,0
5760,張傳,Solo / Group,,,,0
5761,薛金顯+楊彩藝,Solo / Group,,,,0
5762,余俊+甜甜,Solo / Group,,,,0
5763,曹格+梁靜茹,Solo / Group,,,,0
5764,The Eagles,Solo / Group,,,,0
5765,Roberta Flack,Solo / Group,,,,0
5766,陶莉萍,Solo / Group,,,,0
5767,Aretha Franklin+George Michael,Solo / Group,,,,0
5768,Les Paul+Mary Ford,Solo / Group,,,,0
5769,Foreigner,Solo / Group,,,,0
5770,Simply Red,Solo / Group,,,,0
5771,Steam,Solo / Group,,,,0
5772,蔡嘉賡+曾心梅,Solo / Group,,,,0
5773,周杰倫+浪花兄弟,Solo / Group,,,,0
5774,蔡義德+張秀卿,Solo / Group,,,,0
5775,羅大佑羅大佑+OK男女合唱團,Solo / Group,,,,0
5776,國蛋GorDoN+KARENCICI,Solo / Group,,,,0
5777,柯棨棋,Solo / Group,,,,0
5778,曹楊+吳映潔GEmmaWu,Solo / Group,,,,0
5779,王茉聿,Solo / Group,,,,0
5780,方千玉+蔡多多,Solo / Group,,,,0
5781,鼓鼓 呂思緯+蕭秉治,Solo / Group,,,,0
5782,浪花兄弟+周杰倫,Solo / Group,,,,0
5783,OZI+KENZY小春,Solo / Group,,,,0
5784,Ss501,Solo / Group,,,,0
5785,Sugarland,Solo / Group,,,,0
5786,Holly valance,Solo / Group,,,,0
5787,Example,Solo / Group,,,,0
5788,Melanie fiona,Solo / Group,,,,0
5789,Keith urban,Solo / Group,,,,0
5790,Katie armiger,Solo / Group,,,,0
5791,Joe,Solo / Group,,,,0
5792,Five,Solo / Group,,,,0
5793,Dawn,Solo / Group,,,,0
5794,The chieftains+the corrs,Solo / Group,,,,0
5795,熊汝霖,Solo / Group,,,,0
5796,李唯楓,Solo / Group,,,,0
5797,Culture club,Solo / Group,,,,0
5798,Spencer davis group,Solo / Group,,,,0
5799,Clark petula,Solo / Group,,,,0
5800,Lady antebellum,Solo / Group,,,,0
5801,BEACH BOY'S,Solo / Group,,,,0
5802,杜麗莎,Solo / Group,,,,0
5803,陳科妤,Solo / Group,,,,0
5804,NiklasGustason,Solo / Group,,,,0
5805,NO DOUBT,Solo / Group,,,,0
5806,RUN D.M.C,Solo / Group,,,,0
5807,The Volunteers,Indie / Global,,,,0
5808,Pharrell Williams,Indie / Global,,,,0
5809,L(桃籽),Indie / Global,,,,0
5810,CHOIJUNSEONG (Jun S),Indie / Global,,,,0
5811,L(桃籽) & 周林楓,Indie / Global,,,,0
5812,ARIETE,Indie / Global,,,,0
5813,Coolio,Indie / Global,,,,0
5814,卡蒂雅・布尼亞季什維利,Indie / Global,,,,0
5815,Laurent Perez Del Mar,Indie / Global,,,,0
5816,擊沉女孩Destroyers,Solo / Group,,,,0
5817,胡彥斌+謝可寅+朱星杰,Solo / Group,,,,0
5818,NEXT,Solo / Group,,,,0
5819,X-Sister+鄭希怡,Solo / Group,,,,0
5820,也可,Solo / Group,,,,0
5821,Wings+Paul McCartney,Solo / Group,,,,0
5822,Fleetwood Mac,Solo / Group,,,,0
5823,Mcfly,Solo / Group,,,,0
5824,林育羣,Solo / Group,,,,0
5825,艾菲,Solo / Group,,,,0
5826,王乃恩,Solo / Group,,,,0
5827,茜拉,Solo / Group,,,,0
5828,Kaoma,Solo / Group,,,,0
5829,Los lobos,Solo / Group,,,,0
5830,Lmfao,Solo / Group,,,,0
5831,脫拉庫+盧巧音,Solo / Group,,,,0
5832,GuccI mane,Solo / Group,,,,0
5833,Jamiroquai,Solo / Group,,,,0
5834,PRINCESS PRINCESS,Indie / Global,,,,0
5835,德永英明,Indie / Global,,,,0
5836,魚韻,Indie / Global,,,,0
5837,Anıl Emre Daldal,Indie / Global,,,,0
5838,WANIMA,Indie / Global,,,,0
5839,Takeshi Tsuruno,Indie / Global,,,,0
5840,酸色黑櫻桃,Indie / Global,,,,0
5841,李玟+曾比特,Solo / Group,,,,0
5842,那吾克熱,Solo / Group,,,,0
5843,連晨翔,Solo / Group,,,,0
5844,潘瑋柏+袁婭維,Solo / Group,,,,0
5845,林采緹+婁峻碩,Solo / Group,,,,0
5846,婁峻碩 SHOU+焦凡凡 FANFAN,Solo / Group,,,,0
5847,郭震+蘇勛倫+楊朝陽,Solo / Group,,,,0
5848,Los+del+Rio,Solo / Group,,,,0
5849,九九+高爾宣OSN,Solo / Group,,,,0
5850,潘瑋柏+戴愛玲,Solo / Group,,,,0
5851,潘瑋柏+蔡娟娟,Solo / Group,,,,0
5852,岡本真夜,Solo / Group,,,,0
5853,Olivia,Solo / Group,,,,0
5854,Engelbert Humperdinck,Solo / Group,,,,0
5855,Sue Thompson+Lennon Sister,Solo / Group,,,,0
5856,Jinbo,Solo / Group,,,,0
5857,蠟筆小心,Solo / Group,,,,0
5858,肖冰鑫,Solo / Group,,,,0
5859,Lil Milk,Solo / Group,,,,0
5860,Rihanna,Solo / Group,,,,0
5861,愛內里菜,Solo / Group,,,,0
5862,The sound of arrows,Solo / Group,,,,0
5863,張目,Solo / Group,,,,0
5864,Duffy,Solo / Group,,,,0
5865,Barbra Streisand,Solo / Group,,,,0
5866,Lolly,Solo / Group,,,,0
5867,Kara,Solo / Group,,,,0
5868,LADYZ,Solo / Group,,,,0
5869,MIXION,Solo / Group,,,,0
5870,吳南穎,Solo / Group,,,,0
5871,Lady Gaga & Ariana Grande,Indie / Global,,,,0
5872,Sabrina Carpenter,Indie / Global,,,,0
5873,Eagles,Indie / Global,,,,0
5874,Khalid,Indie / Global,,,,0
5875,TWS,Indie / Global,,,,0
5876,twenty one pilots,Indie / Global,,,,0
5877,Fall Out Boy,Indie / Global,,,,0
5878,"Calvin Harris, Rag’n’Bone Man",Indie / Global,,,,0
5879,Bon Jovi,Indie / Global,,,,0
5880,Ariana Grande,Indie / Global,,,,0
5881,SISTAR,Indie / Global,,,,0
5882,izna,Indie / Global,,,,0
5883,Guns N' Roses,Indie / Global,,,,0
5884,サザンオ—ルスタ—ズ,Solo / Group,,,,0
5885,徐聖恩,Solo / Group,,,,0
5886,吳克群+王心凌,Solo / Group,,,,0
5887,Anne Murray,Solo / Group,,,,0
5888,10cc,Solo / Group,,,,0
5889,Michael Bolton,Solo / Group,,,,0
5890,初音ミク,Solo / Group,,,,0
5891,Marc anthony,Solo / Group,,,,0
5892,Tinchy stryder+n-dubz,Solo / Group,,,,0
5893,高慧君,Solo / Group,,,,0
5894,2 unlimited,Solo / Group,,,,0
5895,Lily allen,Solo / Group,,,,0
5896,Leann rimes,Solo / Group,,,,0
5897,Diddy+keyshia cole,Solo / Group,,,,0
5898,Eminem,Solo / Group,,,,0
5899,臺灣爽,Solo / Group,,,,0
5900,林憶蓮+張國榮,Solo / Group,,,,0
5901,反町隆史,Solo / Group,,,,0
5902,CODE KUNST,Indie / Global,,,,0
5903,David Guetta & Sia,Indie / Global,,,,0
5904,Ravyn Lenae,Indie / Global,,,,0
5905,MEDUZA & Goodboys,Indie / Global,,,,0
5906,G-DRAGON & T.O.P,Indie / Global,,,,0
5907,Kylie Minogue,Indie / Global,,,,0
5908,I.O.I,Indie / Global,,,,0
5909,漢斯・季默,Indie / Global,,,,0
5910,Benson Boone,Indie / Global,,,,0
5911,ピンクレディ—,Solo / Group,,,,0
5912,Usher+william,Solo / Group,,,,0
5913,林俊傑+mike chang,Solo / Group,,,,0
5914,符致逸,Solo / Group,,,,0
5915,Masiwei & 艾志恆Asen,Indie / Global,,,,0
5916,Ellie Goulding,Indie / Global,,,,0
5917,P!nk,Indie / Global,,,,0
5918,ROSÉ & Bruno Mars,Indie / Global,,,,0
5919,Mark Ronson,Indie / Global,,,,0
5920,"Calvin Harris, Dua Lipa",Indie / Global,,,,0
5921,Keith Urban & P!nk,Indie / Global,,,,0
5922,T.O.P,Indie / Global,,,,0
5923,MARINA,Indie / Global,,,,0
5924,Marvin Gaye & Tammi Terrell,Indie / Global,,,,0
5925,NewJeans,Indie / Global,,,,0
5926,BABYMONSTER,Indie / Global,,,,0
5927,倫敦愛樂管弦樂團 & 大衛 · 帕利,Indie / Global,,,,0
5928,蔡健雅+Carla Bruni,Solo / Group,,,,0
5929,鄭宜農+盧凱彤,Solo / Group,,,,0
5930,王中平+一綾,Solo / Group,,,,0
5931,Starr Chen 陳星翰+J.Sheno,Solo / Group,,,,0
5932,ピコ太郎,Solo / Group,,,,0
5933,鄭秀妍,Solo / Group,,,,0
5934,ØZI+蛋堡,Solo / Group,,,,0
5935,教練 COACH,Solo / Group,,,,0
5936,楊嘉圓,Solo / Group,,,,0
5937,王中平+向蕙玲,Solo / Group,,,,0
5938,AbbyRose,Solo / Group,,,,0
5939,E-Turn,Solo / Group,,,,0
5940,YOUNG SOULJAZ E-TUR,Solo / Group,,,,0
5941,Laura Branigan,Solo / Group,,,,0
5942,Dionne Warwick,Solo / Group,,,,0
5943,Eland+Yappy,Solo / Group,,,,0
5944,CALVIN HARRIS+DISCIPLES,Solo / Group,,,,0
5945,RICK ASTLEY,Solo / Group,,,,0
5946,八三夭+鄭秀文,Solo / Group,,,,0
5947,麻吉弟弟(周立�+婁峻碩,Solo / Group,,,,0
5948,Beyonce+j cole,Solo / Group,,,,0
5949,Eliza doolittle,Solo / Group,,,,0
5950,Charice+iyaz,Solo / Group,,,,0
5951,Alanis morissette,Solo / Group,,,,0
5952,Mickey factz,Solo / Group,,,,0
5953,Kanye west,Solo / Group,,,,0
5954,Take that,Solo / Group,,,,0
5955,冰果甜心,Solo / Group,,,,0
5956,Creedence clearwater,Solo / Group,,,,0
5957,蘇醒,Solo / Group,,,,0
5958,Marie osmond,Solo / Group,,,,0
5959,Boyz 2 men,Solo / Group,,,,0
5960,Sean paul,Solo / Group,,,,0
5961,Kalafina,Solo / Group,,,,0
5962,All saints,Solo / Group,,,,0
5963,Jackie wilson,Solo / Group,,,,0
5964,Girls aloud,Solo / Group,,,,0
5965,Beyonce+Lady Gaga,Solo / Group,,,,0
5966,BCW+玖壹壹+Ken-G,Solo / Group,,,,0
5967,JOURNEY,Solo / Group,,,,0
5968,Mori Calliope & Gawr Gura,Indie / Global,,,,0
5969,Q,Indie / Global,,,,0
5970,LIGHTSUM,Indie / Global,,,,0
5971,Reol,Indie / Global,,,,0
5972,goethe,Indie / Global,,,,0
5973,ONEWE,Indie / Global,,,,0
5974,Tempalay,Indie / Global,,,,0
5975,Kenny Larkin,Indie / Global,,,,0
5976,Passepied,Indie / Global,,,,0
5977,Luzia von Wyl Ensemble,Indie / Global,,,,0
5978,luvis,Indie / Global,,,,0
5979,Majiko,Indie / Global,,,,0
5980,rega,Indie / Global,,,,0
5981,金漁 & 遲里烏布,Indie / Global,,,,0
5982,Alice Nine,Indie / Global,,,,0
5983,李貞賢,Indie / Global,,,,0
5984,中村佳穂,Indie / Global,,,,0
5985,ichikoro,Indie / Global,,,,0
5986,Ohzora Kimishima,Indie / Global,,,,0
5987,Adé,Indie / Global,,,,0
5988,SEVENTEEN & AILEE,Indie / Global,,,,0
5989,R Sound Design,Indie / Global,,,,0
5990,Pinokio-P,Indie / Global,,,,0
5991,Kiryu,Indie / Global,,,,0
5992,Ashmaze.,Indie / Global,,,,0
5993,GNJB,Indie / Global,,,,0
5994,[.que],Indie / Global,,,,0
5995,Young Cocoa,Indie / Global,,,,0
5996,THE BOYZ,Indie / Global,,,,0
5997,王麟,Solo / Group,,,,0
5998,S翼樂團,Solo / Group,,,,0
5999,Roselia,Indie / Global,,,,0
6000,R. City,Indie / Global,,,,0
6001,Flo Rida,Indie / Global,,,,0
6002,中山美穗,Solo / Group,,,,0
6003,影子計劃+周湯豪+NICKTHEREAL,Solo / Group,,,,0
6004,Peaches + Herb,Solo / Group,,,,0
6005,Soul Asylum,Solo / Group,,,,0
6006,CED,Solo / Group,,,,0
6007,Daniel merriweather,Solo / Group,,,,0
6008,Flobots,Solo / Group,,,,0
6009,Musiq soulchild,Solo / Group,,,,0
6010,765pro allstars,Solo / Group,,,,0
6011,No3b,Solo / Group,,,,0
6012,Letoya+ludacris,Solo / Group,,,,0
6013,Del shannon,Solo / Group,,,,0
6014,Peaches+herb,Solo / Group,,,,0
6015,Bonnie tyler,Solo / Group,,,,0
6016,187INC_Right Eye,Solo / Group,,,,0
6017,Paula abdul,Solo / Group,,,,0
6018,周華健+mandy,Solo / Group,,,,0
6019,Agnes,Solo / Group,,,,0
6020,Perry como,Solo / Group,,,,0
6021,LE SSERAFIM,Indie / Global,,,,0
6022,Five Finger Death Punch,Indie / Global,,,,0
6023,張紫寧 & 李鑫一,Indie / Global,,,,0
6024,Spice girls,Solo / Group,,,,0
6025,小青龍,Solo / Group,,,,0
6026,周延+吉克隽逸,Solo / Group,,,,0
6027,濱崎步+SpeXial,Solo / Group,,,,0
6028,霍建華,Solo / Group,,,,0
6029,李玖哲+徐若瑄,Solo / Group,,,,0
6030,藍心湄+謝和絃,Solo / Group,,,,0
6031,Groove coverage,Solo / Group,,,,0
6032,鍾舒漫+鍾舒祺,Solo / Group,,,,0
6033,JAMES,Solo / Group,,,,0
6034,Jesse mccartney,Solo / Group,,,,0
6035,Robbie williams+gary barlow,Solo / Group,,,,0
6036,Booty luv,Solo / Group,,,,0
6037,寿美菜子,Solo / Group,,,,0
6038,Lmfao+lil jon,Solo / Group,,,,0
6039,Jewel,Solo / Group,,,,0
6040,Tim mcgraw,Solo / Group,,,,0
6041,Flo rida+wynter,Solo / Group,,,,0
6042,いきものがかり,Solo / Group,,,,0
6043,CalvinHarris,Solo / Group,,,,0
6044,Silica Gel,Indie / Global,,,,0
6045,尹美萊,Indie / Global,,,,0
6046,Kygo & Selena Gomez,Indie / Global,,,,0
6047,Kina Grannis,Indie / Global,,,,0
6048,Robin Thicke,Indie / Global,,,,0
6049,SHINee,Indie / Global,,,,0
6050,澤野弘之,Indie / Global,,,,0
6051,Why Don't We,Indie / Global,,,,0
6052,T-ara,Indie / Global,,,,0
6053,Zara Larsson,Indie / Global,,,,0
6054,Jonas Blue & Why Don't We,Indie / Global,,,,0
6055,蘇明淵,Solo / Group,,,,0
6056,任媚爽,Solo / Group,,,,0
6057,New Christy Minstrels,Solo / Group,,,,0
6058,羅志祥+倖田來未,Solo / Group,,,,0
6059,Carole King,Solo / Group,,,,0
6060,蔡健雅+阿雲嘎,Solo / Group,,,,0
6061,PG 陳姵尹,Solo / Group,,,,0
6062,Maria simon,Solo / Group,,,,0
6063,Natasha bedingfield,Solo / Group,,,,0
6064,黑色餅乾,Solo / Group,,,,0
6065,Amerie,Solo / Group,,,,0
6066,蘇夢玫,Solo / Group,,,,0
6067,Black eyed peas,Solo / Group,,,,0
6068,鍾舒漫,Solo / Group,,,,0
6069,ꉈꀧ꒒꒒ꁄꍈꍈꀧ꒦ꉈ ꉣꅔꎡꅔꁕꁄ & Belle,Indie / Global,,,,0
6070,Alex Lustig,Indie / Global,,,,0
6071,KIDO3008,Indie / Global,,,,0
6072,KNK,Indie / Global,,,,0
6073,SUPER JUNIOR,Indie / Global,,,,0
6074,Gareth Emery,Indie / Global,,,,0
6075,曾可妮,Solo / Group,,,,0
6076,Meghan Trainor,Solo / Group,,,,0
6077,守夜人,Solo / Group,,,,0
6078,Lara+Jason,Solo / Group,,,,0
6079,Bobby Bare,Solo / Group,,,,0
6080,蘇宥蓉+戴啟明,Solo / Group,,,,0
6081,Toni Braxton,Solo / Group,,,,0
6082,NENE鄭乃馨,Solo / Group,,,,0
6083,HowZ,Solo / Group,,,,0
6084,Freemasons,Solo / Group,,,,0
6085,劉雅婷,Solo / Group,,,,0
6086,4 non blondes,Solo / Group,,,,0
6087,曹格+譚維維,Solo / Group,,,,0
6088,Laura bell bundy,Solo / Group,,,,0
6089,The four tunes,Solo / Group,,,,0
6090,Greyson chance,Solo / Group,,,,0
6091,Natalie cole+nat king cole,Solo / Group,,,,0
6092,Sheryl crow,Solo / Group,,,,0
6093,姫雛,Indie / Global,,,,0
6094,遊助,Indie / Global,,,,0
6095,Zion.T,Indie / Global,,,,0
6096,Marcin Przybyłowicz,Indie / Global,,,,0
6097,Loopy,Indie / Global,,,,0
6098,Oliver Brouwer,Indie / Global,,,,0
6099,Athletics,Indie / Global,,,,0
6100,唐尺美帆,Solo / Group,,,,0
6101,渡辺美里,Solo / Group,,,,0
6102,和田弘,Solo / Group,,,,0
6103,SHELA,Solo / Group,,,,0
6104,JUSTIN BIEBER+BIG SEAN,Solo / Group,,,,0
6105,影子計劃+周湯豪,Solo / Group,,,,0
6106,Aqua timez,Solo / Group,,,,0
6107,Maximo park,Solo / Group,,,,0
6108,Cold play,Solo / Group,,,,0
6109,Composer+B+Steinberg+t+Kelly,Solo / Group,,,,0
6110,Ronan keating+lulu,Solo / Group,,,,0
6111,齊天大聖,Solo / Group,,,,0
6112,Paul McCartney+Wings,Solo / Group,,,,0
6113,TATA YOUNG,Solo / Group,,,,0
6114,4MINUTE,Solo / Group,,,,0
6115,Snow Man,Indie / Global,,,,0
6116,Original Koffee,Indie / Global,,,,0
6117,163 braces,Indie / Global,,,,0
6118,2danji,Indie / Global,,,,0
6119,Mitsuru Matsuoka,Indie / Global,,,,0
6120,HAON,Indie / Global,,,,0
6121,5 Seconds of Summer,Indie / Global,,,,0
6122,JxW,Indie / Global,,,,0
6123,ꉈꀧ꒒꒒ꁄꍈꍈꀧ꒦ꉈ ꉣꅔꎡꅔꁕꁄ & 椎名林檎,Indie / Global,,,,0
6124,Alpha P,Indie / Global,,,,0
6125,HxW,Indie / Global,,,,0
6126,W&W & Groove Coverage,Indie / Global,,,,0
6127,咻比嘟嘩,Indie / Global,,,,0
6128,MAKJ & Timmy Trumpet,Indie / Global,,,,0
6129,Shawn Mendes,Indie / Global,,,,0
6130,Michael W. Smith,Indie / Global,,,,0
6131,Zedd & Alessia Cara,Indie / Global,,,,0
6132,NU’EST W,Indie / Global,,,,0
6133,"陳忻玥, 王艷薇 & 九九",Indie / Global,,,,0
6134,JAY B,Indie / Global,,,,0
6135,Drxnk,Indie / Global,,,,0
6136,INHON 盧胤宏,Solo / Group,,,,0
6137,陳欣斈,Solo / Group,,,,0
6138,吳青峰+9m88,Solo / Group,,,,1
6139,鄭心慈,Solo / Group,,,,0
6140,Julie Rogers,Solo / Group,,,,0
6141,沈丹丹,Solo / Group,,,,0
6142,田振達,Solo / Group,,,,0
6143,Gloria Gaynor,Solo / Group,,,,0
6144,EXTREME,Solo / Group,,,,0
6145,Patti Page,Solo / Group,,,,0
6146,Queen,Solo / Group,,,,0
6147,Barry Manilow,Solo / Group,,,,0
6148,Ace Of Base,Solo / Group,,,,0
6149,派偉俊+8LAK+HOSEA,Solo / Group,,,,0
6150,PEABO BRYSON+REGINA,Solo / Group,,,,0
6151,加藤ミリヤ,Solo / Group,,,,0
6152,Jessie j+big sean,Solo / Group,,,,0
6153,Jessie james,Solo / Group,,,,0
6154,舒克,Solo / Group,,,,0
6155,John mayer,Solo / Group,,,,0
6156,Chris brown,Solo / Group,,,,0
6157,Avril lavigne+leona lewis,Solo / Group,,,,0
6158,崔天琪,Solo / Group,,,,0
6159,FLO RIDA SIA,Solo / Group,,,,0
6160,CLOSE YOUR EYES,Indie / Global,,,,0
6161,Nicky Jam & J Balvin,Indie / Global,,,,0
6162,ONEUS,Indie / Global,,,,0
6163,riel & Houis,Indie / Global,,,,0
6164,CHUNG HA,Indie / Global,,,,0
6165,LÜCY & J.4αllϵ ('θ') ϶r,Indie / Global,,,,0
6166,Jackson Wang,Indie / Global,,,,0
6167,TwoWorldsApart & Lissa,Indie / Global,,,,0
6168,Wonstein,Indie / Global,,,,0
6169,Jamal Green,Indie / Global,,,,0
6170,HUSH,Indie / Global,,,,0
6171,MONSTA X,Indie / Global,,,,0
6172,YNL,Indie / Global,,,,0
6173,Welshly Arms,Indie / Global,,,,0
6174,mitsume,Indie / Global,,,,0
6175,PENOMECO,Indie / Global,,,,0
6176,System Of A Down,Indie / Global,,,,0
6177,Prince Royce,Indie / Global,,,,0
6178,August Burns Red,Indie / Global,,,,0
6179,TURBO,Indie / Global,,,,0
6180,Bicep,Indie / Global,,,,0
6181,吳克群+太帥了花,Solo / Group,,,,0
6182,宇兒,Solo / Group,,,,0
6183,歐陽菲菲+許茹芸,Solo / Group,,,,0
6184,上木彩矢,Solo / Group,,,,0
6185,呼嚨,Solo / Group,,,,0
6186,Martin Carlberg,Solo / Group,,,,0
6187,프리스타일,Indie / Global,,,,0
6188,FANXY CHILD,Indie / Global,,,,0
6189,MBLAQ,Indie / Global,,,,0
6190,C&K,Indie / Global,,,,0
6191,王芯翎,Solo / Group,,,,0
6192,李代沬,Solo / Group,,,,0
6193,謝和弦+藍心湄,Solo / Group,,,,0
6194,鳳娘+安琪,Solo / Group,,,,0
6195,蔡濟文,Solo / Group,,,,0
6196,Aaliyah,Solo / Group,,,,0
6197,Jason mraz,Solo / Group,,,,0
6198,HOPE,Solo / Group,,,,0
6199,TonI braxton+trey songz,Solo / Group,,,,0
6200,LMF,Solo / Group,,,,0
6201,Catching Flies,Indie / Global,,,,0
6202,GD X 太陽,Indie / Global,,,,0
6203,CxM,Indie / Global,,,,0
6204,DxS,Indie / Global,,,,0
6205,Beyoncé,Indie / Global,,,,0
6206,蕭蔓萱,Solo / Group,,,,0
6207,LMYK,Indie / Global,,,,0
6208,bobae,Indie / Global,,,,0
6209,SANTOS BRAVOS,Indie / Global,,,,0
6210,god,Indie / Global,,,,0
6211,B.A.P,Indie / Global,,,,0
6212,R!R!Riot & ATM HANSON,Indie / Global,,,,0
6213,昼食彼女,Indie / Global,,,,0
6214,artist BM,Indie / Global,,,,0
6215,Kizu,Indie / Global,,,,0
6216,"GIRIBOY, Mad Clown & 周永",Indie / Global,,,,0
6217,9z,Indie / Global,,,,0
6218,Hong seung min,Indie / Global,,,,0
6219,Sakuzyo,Indie / Global,,,,0
6220,cosMo@Bousou-P,Indie / Global,,,,0
6221,Daigo Kato,Indie / Global,,,,0
6222,中川幸太郎,Indie / Global,,,,0
6223,Hira,Indie / Global,,,,0
6224,Good On The Reel,Indie / Global,,,,0
6225,臥軌的火車,Indie / Global,,,,0
6226,TRCNG,Indie / Global,,,,0
6227,馬克斯・李希特,Indie / Global,,,,0
6228,Add All Ears,Indie / Global,,,,0
6229,Lie and a Chameleon,Indie / Global,,,,0
6230,Arai Tasuku & Mili,Indie / Global,,,,0
6231,TAEYEON & MeloMance,Indie / Global,,,,0
6232,PATZ,Indie / Global,,,,0
6233,EOW,Indie / Global,,,,0
6234,张才人,Indie / Global,,,,0
6235,Jehwwn,Indie / Global,,,,0
6236,戚小戀,Solo / Group,,,,0
6237,劉浩航+格子兮,Solo / Group,,,,1
6238,張薔,Solo / Group,,,,0
6239,MAC OVA SEAS+周梓倩,Solo / Group,,,,0
6240,高進+胡海泉,Solo / Group,,,,0
6241,潘瑋柏+黃旭+BOOM +肖恩恩+SEAN T,Solo / Group,,,,0
6242,王以諾,Solo / Group,,,,0
6243,王飛雪,Solo / Group,,,,0
6244,李宣榕,Solo / Group,,,,0
6245,Bomb比爾,Solo / Group,,,,0
6246,李發發,Solo / Group,,,,0
6247,小山,Solo / Group,,,,0
6248,八次郎,Solo / Group,,,,0
6249,七郎+黃小菁,Solo / Group,,,,0
6250,王羽澤,Solo / Group,,,,0
6251,饒天亮,Solo / Group,,,,0
6252,蘇婭,Solo / Group,,,,0
6253,劉德華+李宇春,Solo / Group,,,,0
6254,Mc HotDog+范瑋琪,Solo / Group,,,,0
6255,何大為+孫自佑,Solo / Group,,,,0
6256,李湘,Solo / Group,,,,0
6257,Gorillaz,Solo / Group,,,,0
6258,側田,Solo / Group,,,,0
6259,Nyc,Solo / Group,,,,0
6260,肖亮+黑鴨子,Solo / Group,,,,0
6261,Ty+王心凌,Solo / Group,,,,0
6262,潘瑋柏+黃旭BOOM+肖恩恩Sean,Solo / Group,,,,0
6263,N2O,Solo / Group,,,,0
6264,MOB CHOIR,Indie / Global,,,,0
6265,Leo/need,Indie / Global,,,,0
6266,Wolpis Kater,Indie / Global,,,,0
6267,Yoari,Indie / Global,,,,0
6268,Aphex Twin,Indie / Global,,,,0
6269,史坦普,Indie / Global,,,,0
6270,Wolpis Kater & Harumakigohan,Indie / Global,,,,0
6271,Kelly Rowland,Indie / Global,,,,0
6272,臉紅的思春期,Indie / Global,,,,0
6273,Wanna One,Indie / Global,,,,0
6274,Alaina Castillo,Indie / Global,,,,0
6275,Red Velvet,Indie / Global,,,,0
6276,ECLIPSE,Indie / Global,,,,0
6277,Tiger JK,Indie / Global,,,,0
6278,TYSON YOSHI+YAN TING,Solo / Group,,,,0
6279,盧子杰+屁孩+柯政宏,Solo / Group,,,,0
6280,鄭安偉組,Solo / Group,,,,0
6281,張燕清+戴梅君,Solo / Group,,,,0
6282,大麥,Solo / Group,,,,0
6283,蘇湘溱,Solo / Group,,,,0
6284,何雨柔,Solo / Group,,,,0
6285,利得彙,Solo / Group,,,,0
6286,范曉萱+王英州,Solo / Group,,,,0
6287,黃小禎,Solo / Group,,,,0
6288,山止川行+吳瑭,Solo / Group,,,,0
6289,張澤熙,Solo / Group,,,,0
6290,王晨光+小村,Solo / Group,,,,0
6291,FUSION,Solo / Group,,,,0
6292,沙寶亮,Solo / Group,,,,0
6293,Sam sparro,Solo / Group,,,,0
6294,Green day,Solo / Group,,,,0
6295,校園快樂幫,Solo / Group,,,,0
6296,S／mileage,Solo / Group,,,,0
6297,Siip,Indie / Global,,,,0
6298,Jenna Raine,Indie / Global,,,,0
6299,Sondia,Indie / Global,,,,0
6300,尼爾斯・弗拉姆,Indie / Global,,,,0
6301,Idina Menzel & 伊雯·瑞秋·伍德,Indie / Global,,,,0
6302,Sinéad O'Connor,Solo / Group,,,,0
6303,宋孟君+威仔,Solo / Group,,,,0
6304,加門亮,Solo / Group,,,,0
6305,宮史郎,Solo / Group,,,,0
6306,風,Solo / Group,,,,0
6307,回音哥,Solo / Group,,,,0
6308,かぐや姫,Solo / Group,,,,0
6309,New kids on the block,Solo / Group,,,,0
6310,Zager+evans,Solo / Group,,,,0
6311,Exile tribe,Solo / Group,,,,0
6312,藤岡正明,Solo / Group,,,,0
6313,河島英五,Solo / Group,,,,0
6314,佐藤。,Indie / Global,,,,0
6315,Glee Cast,Indie / Global,,,,0
6316,NOILION,Indie / Global,,,,0
6317,CHIHIRO,Indie / Global,,,,0
6318,Flume,Indie / Global,,,,0
6319,DAVICHI,Indie / Global,,,,0
6320,William & The Script,Indie / Global,,,,0
6321,Kungs & Cookin' On 3 Burners,Indie / Global,,,,0
6322,Lasse Lindh,Indie / Global,,,,0
6323,Kane Brown,Indie / Global,,,,0
6324,2hollis,Indie / Global,,,,0
6325,Scott Storch,Indie / Global,,,,0
6326,Cash Cash,Indie / Global,,,,0
6327,Age Factory,Indie / Global,,,,0
6328,陳麗美+陳陽明,Solo / Group,,,,0
6329,張燈明,Solo / Group,,,,0
6330,２個女生,Solo / Group,,,,0
6331,陳陽明+陳麗美,Solo / Group,,,,0
6332,ヒロシ+キ一ボ一,Solo / Group,,,,0
6333,超人合唱團,Solo / Group,,,,0
6334,超仁合唱團,Solo / Group,,,,0
6335,BMG全體歌手,Solo / Group,,,,0
6336,茂森あゆみ+速水けんたろう,Solo / Group,,,,0
6337,183Club+七朵花,Solo / Group,,,,0
6338,張靚穎+李玟,Solo / Group,,,,0
6339,ヒロシ+キ一ギ一,Solo / Group,,,,0
6340,吳浩康,Solo / Group,,,,0
6341,邰正宵+亦帆,Solo / Group,,,,0
6342,Bin,Indie / Global,,,,0
6343,VAVA,Indie / Global,,,,0
6344,Passcode,Indie / Global,,,,0
6345,VIVIZ,Indie / Global,,,,0
6346,Yerin Baek,Indie / Global,,,,0
6347,Loco & HWASA,Indie / Global,,,,0
6348,GUMMY,Indie / Global,,,,0
6349,Davido,Indie / Global,,,,0
6350,Marconi Union,Indie / Global,,,,0
6351,殘月魔都樂團,Indie / Global,,,,0
6352,ATEEZ,Indie / Global,,,,0
6353,4 Ever,Solo / Group,,,,0
6354,琳誼+玖壹壹 洋蔥,Solo / Group,,,,1
6355,許燕,Solo / Group,,,,0
6356,琳誼+玖壹壹洋蔥,Solo / Group,,,,1
6357,Madonna+justin timberlake,Solo / Group,,,,0
6358,A-bee,Solo / Group,,,,0
6359,梅艷芳+倫永亮,Solo / Group,,,,0
6360,近藤真彥,Solo / Group,,,,0
6361,Max Leone,Indie / Global,,,,0
6362,BOYCOLD,Indie / Global,,,,0
6363,Mad Clown & Kim Na Young,Indie / Global,,,,0
6364,"Super8, P.O.S. & Aalto",Indie / Global,,,,0
6365,Dean Blunt & Elias Rønnenfelt,Indie / Global,,,,0
6366,Eddy Kim,Indie / Global,,,,0
6367,ET+鄒念慈,Solo / Group,,,,0
6368,李玫,Solo / Group,,,,0
6369,MYRNE & Gentle Bones,Indie / Global,,,,0
6370,"Car, the garden",Indie / Global,,,,0
6371,K.Will,Indie / Global,,,,0
6372,DAY6,Indie / Global,,,,0
6373,SAM KIM,Indie / Global,,,,0
6374,FALSETTOS,Indie / Global,,,,0
6375,SUNMI,Indie / Global,,,,0
6376,Mido and Falasol,Indie / Global,,,,0
6377,PLAVE,Indie / Global,,,,0
6378,VEN,Indie / Global,,,,0
6379,前男友+余良,Solo / Group,,,,0
6380,阿達(A+da)+Keen chen+鳥屎+6tan+恩熙俊+解邊翎,Solo / Group,,,,0
6381,Catfish and the Bottlemen,Indie / Global,,,,0
6382,BRLLNT,Indie / Global,,,,0
6383,Mashinomi,Indie / Global,,,,0
6384,idom,Indie / Global,,,,0
6385,Moby,Indie / Global,,,,0
6386,Flow & GRANRODEO,Indie / Global,,,,0
6387,Hikaru Iwamoto,Indie / Global,,,,0
6388,SoYou,Indie / Global,,,,0
6389,Lord's Child & Montell Fish,Indie / Global,,,,0
6390,じょばんに,Indie / Global,,,,0
6391,KOWICHI,Indie / Global,,,,0
6392,Polkadot Stingray,Indie / Global,,,,0
6393,seven oops,Indie / Global,,,,0
6394,elijah woods,Indie / Global,,,,0
6395,Arctic Monkeys,Indie / Global,,,,0
6396,アメノセイ,Indie / Global,,,,0
6397,DREAMSCOMETRUE,Solo / Group,,,,0
6398,Kehlani,Indie / Global,,,,0
6399,Bon Iver,Indie / Global,,,,0
6400,Marteen,Indie / Global,,,,0
6401,Sigur Rós,Indie / Global,,,,0
6402,BINI,Indie / Global,,,,0
6403,Choi Yu Ree,Indie / Global,,,,0
6404,Dean Blunt & Inga Copeland,Indie / Global,,,,0
6405,keeno,Indie / Global,,,,0
6406,SHANK,Indie / Global,,,,0
6407,Cape Lions,Indie / Global,,,,0
6408,TANGTHEAWESOME,Indie / Global,,,,0
6409,WILLOW,Indie / Global,,,,0
6410,THE 8,Indie / Global,,,,0
6411,Amber Leigh Irish,Indie / Global,,,,0
6412,Jung Joonil,Indie / Global,,,,0
6413,8lak & arkn,Indie / Global,,,,0
6414,SOMA,Indie / Global,,,,0
6415,BEN,Indie / Global,,,,0
6416,黃小楨,Solo / Group,,,,0
6417,I Mean Us,Indie / Global,,,,0
6418,fromis_9,Indie / Global,,,,0
6419,Cashmere Cat,Indie / Global,,,,0
6420,92914,Indie / Global,,,,0
6421,AILEE,Indie / Global,,,,0
6422,BAYA 小林航,Indie / Global,,,,0
6423,Dean Blunt & Panda Bear,Indie / Global,,,,0
6424,Duval Timothy,Indie / Global,,,,0
6425,Susana Cala,Indie / Global,,,,0
6426,Shota Yasuda,Indie / Global,,,,0
6427,Shirose,Indie / Global,,,,0
6428,WHITE JAM,Indie / Global,,,,0
6429,泣き虫,Indie / Global,,,,0
6430,"ATB, Topic & A7S",Indie / Global,,,,0
6431,Dickey Lee,Solo / Group,,,,0
6432,吳克群+弦子,Solo / Group,,,,0
6433,紀佳松+Blue MJ,Solo / Group,,,,0
6434,元若藍+安東尼,Solo / Group,,,,0
